timestamp,elapsed_s,pod,status,memory_current_mi,memory_min_mi,memory_low_mi,memory_high,memory_events_high,memory_events_oom_kill,kubepods_memory_min_mi,burstable_memory_low_mi,mem_available_mi,node_memory_pressure,kubelet_api_ms
2026-06-12T16:40:18-04:00,1,guaranteed-holder-1,Running,1032,7168,0,max,0,0,29766,1094,17220,False,33
2026-06-12T16:40:18-04:00,1,guaranteed-holder-2,Running,1032,7168,0,max,0,0,29766,1094,17220,False,33
2026-06-12T16:40:18-04:00,1,guaranteed-holder-3,Running,1032,7168,0,max,0,0,29766,1094,17220,False,33
2026-06-12T16:40:18-04:00,1,guaranteed-holder-4,Running,1032,7168,0,max,0,0,29766,1094,17220,False,33
2026-06-12T16:40:18-04:00,1,burstable-holder,Running,518,0,1024,3972841472,0,0,29766,1094,17220,False,33
2026-06-12T16:40:18-04:00,1,besteffort-holder,Running,518,0,0,29943558144,0,0,29766,1094,17220,False,33
2026-06-12T16:40:18-04:00,1,besteffort-aggressor,NotFound,0,0,0,n/a,0,0,29766,1094,17220,False,33
2026-06-12T16:40:20-04:00,3,guaranteed-holder-1,Running,1032,7168,0,max,0,0,29766,1094,17192,False,43
2026-06-12T16:40:20-04:00,3,guaranteed-holder-2,Running,1032,7168,0,max,0,0,29766,1094,17192,False,43
2026-06-12T16:40:20-04:00,3,guaranteed-holder-3,Running,1032,7168,0,max,0,0,29766,1094,17192,False,43
2026-06-12T16:40:20-04:00,3,guaranteed-holder-4,Running,1032,7168,0,max,0,0,29766,1094,17192,False,43
2026-06-12T16:40:20-04:00,3,burstable-holder,Running,518,0,1024,3972841472,0,0,29766,1094,17192,False,43
2026-06-12T16:40:20-04:00,3,besteffort-holder,Running,518,0,0,29943558144,0,0,29766,1094,17192,False,43
2026-06-12T16:40:20-04:00,3,besteffort-aggressor,NotFound,0,0,0,n/a,0,0,29766,1094,17192,False,43
2026-06-12T16:40:23-04:00,6,guaranteed-holder-1,Running,1032,7168,0,max,0,0,29766,1094,17187,False,37
2026-06-12T16:40:23-04:00,6,guaranteed-holder-2,Running,1032,7168,0,max,0,0,29766,1094,17187,False,37
2026-06-12T16:40:23-04:00,6,guaranteed-holder-3,Running,1032,7168,0,max,0,0,29766,1094,17187,False,37
2026-06-12T16:40:23-04:00,6,guaranteed-holder-4,Running,1032,7168,0,max,0,0,29766,1094,17187,False,37
2026-06-12T16:40:23-04:00,6,burstable-holder,Running,518,0,1024,3972841472,0,0,29766,1094,17187,False,37
2026-06-12T16:40:23-04:00,6,besteffort-holder,Running,518,0,0,29943558144,0,0,29766,1094,17187,False,37
2026-06-12T16:40:23-04:00,6,besteffort-aggressor,NotFound,0,0,0,n/a,0,0,29766,1094,17187,False,37
2026-06-12T16:40:25-04:00,8,guaranteed-holder-1,Running,1032,7168,0,max,0,0,29766,1094,17185,False,38
2026-06-12T16:40:25-04:00,8,guaranteed-holder-2,Running,1032,7168,0,max,0,0,29766,1094,17185,False,38
2026-06-12T16:40:25-04:00,8,guaranteed-holder-3,Running,1032,7168,0,max,0,0,29766,1094,17185,False,38
2026-06-12T16:40:25-04:00,8,guaranteed-holder-4,Running,1032,7168,0,max,0,0,29766,1094,17185,False,38
2026-06-12T16:40:25-04:00,8,burstable-holder,Running,518,0,1024,3972841472,0,0,29766,1094,17185,False,38
2026-06-12T16:40:25-04:00,8,besteffort-holder,Running,518,0,0,29943558144,0,0,29766,1094,17185,False,38
2026-06-12T16:40:25-04:00,8,besteffort-aggressor,NotFound,0,0,0,n/a,0,0,29766,1094,17185,False,38
2026-06-12T16:40:27-04:00,10,guaranteed-holder-1,Running,1032,7168,0,max,0,0,29766,1094,17208,False,40
2026-06-12T16:40:27-04:00,10,guaranteed-holder-2,Running,1032,7168,0,max,0,0,29766,1094,17208,False,40
2026-06-12T16:40:27-04:00,10,guaranteed-holder-3,Running,1032,7168,0,max,0,0,29766,1094,17208,False,40
2026-06-12T16:40:27-04:00,10,guaranteed-holder-4,Running,1032,7168,0,max,0,0,29766,1094,17208,False,40
2026-06-12T16:40:27-04:00,10,burstable-holder,Running,518,0,1024,3972841472,0,0,29766,1094,17208,False,40
2026-06-12T16:40:27-04:00,10,besteffort-holder,Running,518,0,0,29943558144,0,0,29766,1094,17208,False,40
2026-06-12T16:40:27-04:00,10,besteffort-aggressor,NotFound,0,0,0,n/a,0,0,29766,1094,17208,False,40
2026-06-12T16:40:30-04:00,13,guaranteed-holder-1,Running,1032,7168,0,max,0,0,29766,1094,17240,False,36
2026-06-12T16:40:30-04:00,13,guaranteed-holder-2,Running,1032,7168,0,max,0,0,29766,1094,17240,False,36
2026-06-12T16:40:30-04:00,13,guaranteed-holder-3,Running,1032,7168,0,max,0,0,29766,1094,17240,False,36
2026-06-12T16:40:30-04:00,13,guaranteed-holder-4,Running,1032,7168,0,max,0,0,29766,1094,17240,False,36
2026-06-12T16:40:30-04:00,13,burstable-holder,Running,518,0,1024,3972841472,0,0,29766,1094,17240,False,36
2026-06-12T16:40:30-04:00,13,besteffort-holder,Running,518,0,0,29943558144,0,0,29766,1094,17240,False,36
2026-06-12T16:40:30-04:00,13,besteffort-aggressor,NotFound,0,0,0,n/a,0,0,29766,1094,17240,False,36
2026-06-12T16:40:32-04:00,15,guaranteed-holder-1,Running,1032,7168,0,max,0,0,29766,1094,17211,False,35
2026-06-12T16:40:32-04:00,15,guaranteed-holder-2,Running,1032,7168,0,max,0,0,29766,1094,17211,False,35
2026-06-12T16:40:32-04:00,15,guaranteed-holder-3,Running,1032,7168,0,max,0,0,29766,1094,17211,False,35
2026-06-12T16:40:32-04:00,15,guaranteed-holder-4,Running,1032,7168,0,max,0,0,29766,1094,17211,False,35
2026-06-12T16:40:32-04:00,15,burstable-holder,Running,518,0,1024,3972841472,0,0,29766,1094,17211,False,35
2026-06-12T16:40:32-04:00,15,besteffort-holder,Running,518,0,0,29943558144,0,0,29766,1094,17211,False,35
2026-06-12T16:40:32-04:00,15,besteffort-aggressor,NotFound,0,0,0,n/a,0,0,29766,1094,17211,False,35
2026-06-12T16:40:34-04:00,17,guaranteed-holder-1,Running,1032,7168,0,max,0,0,29766,1094,17219,False,31
2026-06-12T16:40:34-04:00,17,guaranteed-holder-2,Running,1032,7168,0,max,0,0,29766,1094,17219,False,31
2026-06-12T16:40:34-04:00,17,guaranteed-holder-3,Running,1032,7168,0,max,0,0,29766,1094,17219,False,31
2026-06-12T16:40:34-04:00,17,guaranteed-holder-4,Running,1032,7168,0,max,0,0,29766,1094,17219,False,31
2026-06-12T16:40:34-04:00,17,burstable-holder,Running,518,0,1024,3972841472,0,0,29766,1094,17219,False,31
2026-06-12T16:40:34-04:00,17,besteffort-holder,Running,518,0,0,29943558144,0,0,29766,1094,17219,False,31
2026-06-12T16:40:34-04:00,17,besteffort-aggressor,NotFound,0,0,0,n/a,0,0,29766,1094,17219,False,31
2026-06-12T16:40:37-04:00,20,guaranteed-holder-1,Running,1032,7168,0,max,0,0,29766,1094,17207,False,33
2026-06-12T16:40:37-04:00,20,guaranteed-holder-2,Running,1032,7168,0,max,0,0,29766,1094,17207,False,33
2026-06-12T16:40:37-04:00,20,guaranteed-holder-3,Running,1032,7168,0,max,0,0,29766,1094,17207,False,33
2026-06-12T16:40:37-04:00,20,guaranteed-holder-4,Running,1032,7168,0,max,0,0,29766,1094,17207,False,33
2026-06-12T16:40:37-04:00,20,burstable-holder,Running,518,0,1024,3972841472,0,0,29766,1094,17207,False,33
2026-06-12T16:40:37-04:00,20,besteffort-holder,Running,518,0,0,29943558144,0,0,29766,1094,17207,False,33
2026-06-12T16:40:37-04:00,20,besteffort-aggressor,NotFound,0,0,0,n/a,0,0,29766,1094,17207,False,33
2026-06-12T16:40:39-04:00,22,guaranteed-holder-1,Running,1032,7168,0,max,0,0,29766,1094,17258,False,36
2026-06-12T16:40:39-04:00,22,guaranteed-holder-2,Running,1032,7168,0,max,0,0,29766,1094,17258,False,36
2026-06-12T16:40:39-04:00,22,guaranteed-holder-3,Running,1032,7168,0,max,0,0,29766,1094,17258,False,36
2026-06-12T16:40:39-04:00,22,guaranteed-holder-4,Running,1032,7168,0,max,0,0,29766,1094,17258,False,36
2026-06-12T16:40:39-04:00,22,burstable-holder,Running,518,0,1024,3972841472,0,0,29766,1094,17258,False,36
2026-06-12T16:40:39-04:00,22,besteffort-holder,Running,518,0,0,29943558144,0,0,29766,1094,17258,False,36
2026-06-12T16:40:39-04:00,22,besteffort-aggressor,NotFound,0,0,0,n/a,0,0,29766,1094,17258,False,36
2026-06-12T16:40:42-04:00,25,guaranteed-holder-1,Running,1032,7168,0,max,0,0,29766,1094,17234,False,33
2026-06-12T16:40:42-04:00,25,guaranteed-holder-2,Running,1032,7168,0,max,0,0,29766,1094,17234,False,33
2026-06-12T16:40:42-04:00,25,guaranteed-holder-3,Running,1032,7168,0,max,0,0,29766,1094,17234,False,33
2026-06-12T16:40:42-04:00,25,guaranteed-holder-4,Running,1032,7168,0,max,0,0,29766,1094,17234,False,33
2026-06-12T16:40:42-04:00,25,burstable-holder,Running,518,0,1024,3972841472,0,0,29766,1094,17234,False,33
2026-06-12T16:40:42-04:00,25,besteffort-holder,Running,518,0,0,29943558144,0,0,29766,1094,17234,False,33
2026-06-12T16:40:42-04:00,25,besteffort-aggressor,NotFound,0,0,0,n/a,0,0,29766,1094,17234,False,33
2026-06-12T16:40:44-04:00,27,guaranteed-holder-1,Running,1032,7168,0,max,0,0,29766,1094,17203,False,36
2026-06-12T16:40:44-04:00,27,guaranteed-holder-2,Running,1032,7168,0,max,0,0,29766,1094,17203,False,36
2026-06-12T16:40:44-04:00,27,guaranteed-holder-3,Running,1032,7168,0,max,0,0,29766,1094,17203,False,36
2026-06-12T16:40:44-04:00,27,guaranteed-holder-4,Running,1032,7168,0,max,0,0,29766,1094,17203,False,36
2026-06-12T16:40:44-04:00,27,burstable-holder,Running,518,0,1024,3972841472,0,0,29766,1094,17203,False,36
2026-06-12T16:40:44-04:00,27,besteffort-holder,Running,518,0,0,29943558144,0,0,29766,1094,17203,False,36
2026-06-12T16:40:44-04:00,27,besteffort-aggressor,NotFound,0,0,0,n/a,0,0,29766,1094,17203,False,36
2026-06-12T16:40:46-04:00,29,guaranteed-holder-1,Running,1032,7168,0,max,0,0,29766,1094,17213,False,34
2026-06-12T16:40:46-04:00,29,guaranteed-holder-2,Running,1032,7168,0,max,0,0,29766,1094,17213,False,34
2026-06-12T16:40:46-04:00,29,guaranteed-holder-3,Running,1032,7168,0,max,0,0,29766,1094,17213,False,34
2026-06-12T16:40:46-04:00,29,guaranteed-holder-4,Running,1032,7168,0,max,0,0,29766,1094,17213,False,34
2026-06-12T16:40:46-04:00,29,burstable-holder,Running,518,0,1024,3972841472,0,0,29766,1094,17213,False,34
2026-06-12T16:40:46-04:00,29,besteffort-holder,Running,518,0,0,29943558144,0,0,29766,1094,17213,False,34
2026-06-12T16:40:46-04:00,29,besteffort-aggressor,NotFound,0,0,0,n/a,0,0,29766,1094,17213,False,34
2026-06-12T16:40:49-04:00,32,guaranteed-holder-1,Running,1032,7168,0,max,0,0,29766,1094,17235,False,32
2026-06-12T16:40:49-04:00,32,guaranteed-holder-2,Running,1032,7168,0,max,0,0,29766,1094,17235,False,32
2026-06-12T16:40:49-04:00,32,guaranteed-holder-3,Running,1032,7168,0,max,0,0,29766,1094,17235,False,32
2026-06-12T16:40:49-04:00,32,guaranteed-holder-4,Running,1032,7168,0,max,0,0,29766,1094,17235,False,32
2026-06-12T16:40:49-04:00,32,burstable-holder,Running,518,0,1024,3972841472,0,0,29766,1094,17235,False,32
2026-06-12T16:40:49-04:00,32,besteffort-holder,Running,518,0,0,29943558144,0,0,29766,1094,17235,False,32
2026-06-12T16:40:49-04:00,32,besteffort-aggressor,NotFound,0,0,0,n/a,0,0,29766,1094,17235,False,32
2026-06-12T16:40:51-04:00,34,guaranteed-holder-1,Running,1032,7168,0,max,0,0,29766,1094,17253,False,36
2026-06-12T16:40:51-04:00,34,guaranteed-holder-2,Running,1032,7168,0,max,0,0,29766,1094,17253,False,36
2026-06-12T16:40:51-04:00,34,guaranteed-holder-3,Running,1032,7168,0,max,0,0,29766,1094,17253,False,36
2026-06-12T16:40:51-04:00,34,guaranteed-holder-4,Running,1032,7168,0,max,0,0,29766,1094,17253,False,36
2026-06-12T16:40:51-04:00,34,burstable-holder,Running,518,0,1024,3972841472,0,0,29766,1094,17253,False,36
2026-06-12T16:40:51-04:00,34,besteffort-holder,Running,518,0,0,29943558144,0,0,29766,1094,17253,False,36
2026-06-12T16:40:51-04:00,34,besteffort-aggressor,NotFound,0,0,0,n/a,0,0,29766,1094,17253,False,36
2026-06-12T16:40:54-04:00,37,guaranteed-holder-1,Running,1032,7168,0,max,0,0,29766,1094,17220,False,38
2026-06-12T16:40:54-04:00,37,guaranteed-holder-2,Running,1032,7168,0,max,0,0,29766,1094,17220,False,38
2026-06-12T16:40:54-04:00,37,guaranteed-holder-3,Running,1032,7168,0,max,0,0,29766,1094,17220,False,38
2026-06-12T16:40:54-04:00,37,guaranteed-holder-4,Running,1032,7168,0,max,0,0,29766,1094,17220,False,38
2026-06-12T16:40:54-04:00,37,burstable-holder,Running,518,0,1024,3972841472,0,0,29766,1094,17220,False,38
2026-06-12T16:40:54-04:00,37,besteffort-holder,Running,518,0,0,29943558144,0,0,29766,1094,17220,False,38
2026-06-12T16:40:54-04:00,37,besteffort-aggressor,NotFound,0,0,0,n/a,0,0,29766,1094,17220,False,38
2026-06-12T16:40:56-04:00,39,guaranteed-holder-1,Running,1032,7168,0,max,0,0,29766,1094,17226,False,33
2026-06-12T16:40:56-04:00,39,guaranteed-holder-2,Running,1032,7168,0,max,0,0,29766,1094,17226,False,33
2026-06-12T16:40:56-04:00,39,guaranteed-holder-3,Running,1032,7168,0,max,0,0,29766,1094,17226,False,33
2026-06-12T16:40:56-04:00,39,guaranteed-holder-4,Running,1032,7168,0,max,0,0,29766,1094,17226,False,33
2026-06-12T16:40:56-04:00,39,burstable-holder,Running,518,0,1024,3972841472,0,0,29766,1094,17226,False,33
2026-06-12T16:40:56-04:00,39,besteffort-holder,Running,518,0,0,29943558144,0,0,29766,1094,17226,False,33
2026-06-12T16:40:56-04:00,39,besteffort-aggressor,NotFound,0,0,0,n/a,0,0,29766,1094,17226,False,33
2026-06-12T16:40:58-04:00,41,guaranteed-holder-1,Running,1032,7168,0,max,0,0,29766,1094,17216,False,37
2026-06-12T16:40:58-04:00,41,guaranteed-holder-2,Running,1032,7168,0,max,0,0,29766,1094,17216,False,37
2026-06-12T16:40:58-04:00,41,guaranteed-holder-3,Running,1032,7168,0,max,0,0,29766,1094,17216,False,37
2026-06-12T16:40:58-04:00,41,guaranteed-holder-4,Running,1032,7168,0,max,0,0,29766,1094,17216,False,37
2026-06-12T16:40:58-04:00,41,burstable-holder,Running,518,0,1024,3972841472,0,0,29766,1094,17216,False,37
2026-06-12T16:40:58-04:00,41,besteffort-holder,Running,518,0,0,29943558144,0,0,29766,1094,17216,False,37
2026-06-12T16:40:58-04:00,41,besteffort-aggressor,NotFound,0,0,0,n/a,0,0,29766,1094,17216,False,37
2026-06-12T16:41:01-04:00,44,guaranteed-holder-1,Running,1032,7168,0,max,0,0,29766,1094,17236,False,43
2026-06-12T16:41:01-04:00,44,guaranteed-holder-2,Running,1032,7168,0,max,0,0,29766,1094,17236,False,43
2026-06-12T16:41:01-04:00,44,guaranteed-holder-3,Running,1032,7168,0,max,0,0,29766,1094,17236,False,43
2026-06-12T16:41:01-04:00,44,guaranteed-holder-4,Running,1032,7168,0,max,0,0,29766,1094,17236,False,43
2026-06-12T16:41:01-04:00,44,burstable-holder,Running,518,0,1024,3972841472,0,0,29766,1094,17236,False,43
2026-06-12T16:41:01-04:00,44,besteffort-holder,Running,518,0,0,29943558144,0,0,29766,1094,17236,False,43
2026-06-12T16:41:01-04:00,44,besteffort-aggressor,NotFound,0,0,0,n/a,0,0,29766,1094,17236,False,43
2026-06-12T16:41:03-04:00,46,guaranteed-holder-1,Running,1032,7168,0,max,0,0,29766,1094,17232,False,36
2026-06-12T16:41:03-04:00,46,guaranteed-holder-2,Running,1032,7168,0,max,0,0,29766,1094,17232,False,36
2026-06-12T16:41:03-04:00,46,guaranteed-holder-3,Running,1032,7168,0,max,0,0,29766,1094,17232,False,36
2026-06-12T16:41:03-04:00,46,guaranteed-holder-4,Running,1032,7168,0,max,0,0,29766,1094,17232,False,36
2026-06-12T16:41:03-04:00,46,burstable-holder,Running,518,0,1024,3972841472,0,0,29766,1094,17232,False,36
2026-06-12T16:41:03-04:00,46,besteffort-holder,Running,518,0,0,29943558144,0,0,29766,1094,17232,False,36
2026-06-12T16:41:03-04:00,46,besteffort-aggressor,NotFound,0,0,0,n/a,0,0,29766,1094,17232,False,36
2026-06-12T16:41:05-04:00,48,guaranteed-holder-1,Running,1032,7168,0,max,0,0,29766,1094,17214,False,35
2026-06-12T16:41:05-04:00,48,guaranteed-holder-2,Running,1032,7168,0,max,0,0,29766,1094,17214,False,35
2026-06-12T16:41:05-04:00,48,guaranteed-holder-3,Running,1032,7168,0,max,0,0,29766,1094,17214,False,35
2026-06-12T16:41:05-04:00,48,guaranteed-holder-4,Running,1032,7168,0,max,0,0,29766,1094,17214,False,35
2026-06-12T16:41:05-04:00,48,burstable-holder,Running,518,0,1024,3972841472,0,0,29766,1094,17214,False,35
2026-06-12T16:41:05-04:00,48,besteffort-holder,Running,518,0,0,29943558144,0,0,29766,1094,17214,False,35
2026-06-12T16:41:05-04:00,48,besteffort-aggressor,NotFound,0,0,0,n/a,0,0,29766,1094,17214,False,35
2026-06-12T16:41:08-04:00,51,guaranteed-holder-1,Running,1032,7168,0,max,0,0,29766,1094,17223,False,38
2026-06-12T16:41:08-04:00,51,guaranteed-holder-2,Running,1032,7168,0,max,0,0,29766,1094,17223,False,38
2026-06-12T16:41:08-04:00,51,guaranteed-holder-3,Running,1032,7168,0,max,0,0,29766,1094,17223,False,38
2026-06-12T16:41:08-04:00,51,guaranteed-holder-4,Running,1032,7168,0,max,0,0,29766,1094,17223,False,38
2026-06-12T16:41:08-04:00,51,burstable-holder,Running,518,0,1024,3972841472,0,0,29766,1094,17223,False,38
2026-06-12T16:41:08-04:00,51,besteffort-holder,Running,518,0,0,29943558144,0,0,29766,1094,17223,False,38
2026-06-12T16:41:08-04:00,51,besteffort-aggressor,NotFound,0,0,0,n/a,0,0,29766,1094,17223,False,38
2026-06-12T16:41:10-04:00,53,guaranteed-holder-1,Running,1032,7168,0,max,0,0,29766,1094,17207,False,34
2026-06-12T16:41:10-04:00,53,guaranteed-holder-2,Running,1032,7168,0,max,0,0,29766,1094,17207,False,34
2026-06-12T16:41:10-04:00,53,guaranteed-holder-3,Running,1032,7168,0,max,0,0,29766,1094,17207,False,34
2026-06-12T16:41:10-04:00,53,guaranteed-holder-4,Running,1032,7168,0,max,0,0,29766,1094,17207,False,34
2026-06-12T16:41:10-04:00,53,burstable-holder,Running,518,0,1024,3972841472,0,0,29766,1094,17207,False,34
2026-06-12T16:41:10-04:00,53,besteffort-holder,Running,518,0,0,29943558144,0,0,29766,1094,17207,False,34
2026-06-12T16:41:10-04:00,53,besteffort-aggressor,NotFound,0,0,0,n/a,0,0,29766,1094,17207,False,34
2026-06-12T16:41:13-04:00,56,guaranteed-holder-1,Running,1032,7168,0,max,0,0,29766,1094,17191,False,33
2026-06-12T16:41:13-04:00,56,guaranteed-holder-2,Running,1032,7168,0,max,0,0,29766,1094,17191,False,33
2026-06-12T16:41:13-04:00,56,guaranteed-holder-3,Running,1032,7168,0,max,0,0,29766,1094,17191,False,33
2026-06-12T16:41:13-04:00,56,guaranteed-holder-4,Running,1032,7168,0,max,0,0,29766,1094,17191,False,33
2026-06-12T16:41:13-04:00,56,burstable-holder,Running,518,0,1024,3972841472,0,0,29766,1094,17191,False,33
2026-06-12T16:41:13-04:00,56,besteffort-holder,Running,518,0,0,29943558144,0,0,29766,1094,17191,False,33
2026-06-12T16:41:13-04:00,56,besteffort-aggressor,NotFound,0,0,0,n/a,0,0,29766,1094,17191,False,33
2026-06-12T16:41:15-04:00,58,guaranteed-holder-1,Running,1032,7168,0,max,0,0,29766,1094,17194,False,37
2026-06-12T16:41:15-04:00,58,guaranteed-holder-2,Running,1032,7168,0,max,0,0,29766,1094,17194,False,37
2026-06-12T16:41:15-04:00,58,guaranteed-holder-3,Running,1032,7168,0,max,0,0,29766,1094,17194,False,37
2026-06-12T16:41:15-04:00,58,guaranteed-holder-4,Running,1032,7168,0,max,0,0,29766,1094,17194,False,37
2026-06-12T16:41:15-04:00,58,burstable-holder,Running,518,0,1024,3972841472,0,0,29766,1094,17194,False,37
2026-06-12T16:41:15-04:00,58,besteffort-holder,Running,518,0,0,29943558144,0,0,29766,1094,17194,False,37
2026-06-12T16:41:15-04:00,58,besteffort-aggressor,NotFound,0,0,0,n/a,0,0,29766,1094,17194,False,37
2026-06-12T16:41:17-04:00,60,guaranteed-holder-1,Running,1032,7168,0,max,0,0,29766,1094,17203,False,37
2026-06-12T16:41:17-04:00,60,guaranteed-holder-2,Running,1032,7168,0,max,0,0,29766,1094,17203,False,37
2026-06-12T16:41:17-04:00,60,guaranteed-holder-3,Running,1032,7168,0,max,0,0,29766,1094,17203,False,37
2026-06-12T16:41:17-04:00,60,guaranteed-holder-4,Running,1032,7168,0,max,0,0,29766,1094,17203,False,37
2026-06-12T16:41:17-04:00,60,burstable-holder,Running,518,0,1024,3972841472,0,0,29766,1094,17203,False,37
2026-06-12T16:41:17-04:00,60,besteffort-holder,Running,518,0,0,29943558144,0,0,29766,1094,17203,False,37
2026-06-12T16:41:17-04:00,60,besteffort-aggressor,NotFound,0,0,0,n/a,0,0,29766,1094,17203,False,37
2026-06-12T16:41:20-04:00,63,guaranteed-holder-1,Running,1032,7168,0,max,0,0,29766,1094,17180,False,36
2026-06-12T16:41:20-04:00,63,guaranteed-holder-2,Running,1032,7168,0,max,0,0,29766,1094,17180,False,36
2026-06-12T16:41:20-04:00,63,guaranteed-holder-3,Running,1032,7168,0,max,0,0,29766,1094,17180,False,36
2026-06-12T16:41:20-04:00,63,guaranteed-holder-4,Running,1032,7168,0,max,0,0,29766,1094,17180,False,36
2026-06-12T16:41:20-04:00,63,burstable-holder,Running,518,0,1024,3972841472,0,0,29766,1094,17180,False,36
2026-06-12T16:41:20-04:00,63,besteffort-holder,Running,518,0,0,29943558144,0,0,29766,1094,17180,False,36
2026-06-12T16:41:20-04:00,63,besteffort-aggressor,NotFound,0,0,0,n/a,0,0,29766,1094,17180,False,36
2026-06-12T16:41:22-04:00,65,guaranteed-holder-1,Running,1032,7168,0,max,0,0,29766,1094,17183,False,35
2026-06-12T16:41:22-04:00,65,guaranteed-holder-2,Running,1032,7168,0,max,0,0,29766,1094,17183,False,35
2026-06-12T16:41:22-04:00,65,guaranteed-holder-3,Running,1032,7168,0,max,0,0,29766,1094,17183,False,35
2026-06-12T16:41:22-04:00,65,guaranteed-holder-4,Running,1032,7168,0,max,0,0,29766,1094,17183,False,35
2026-06-12T16:41:22-04:00,65,burstable-holder,Running,518,0,1024,3972841472,0,0,29766,1094,17183,False,35
2026-06-12T16:41:22-04:00,65,besteffort-holder,Running,518,0,0,29943558144,0,0,29766,1094,17183,False,35
2026-06-12T16:41:22-04:00,65,besteffort-aggressor,NotFound,0,0,0,n/a,0,0,29766,1094,17183,False,35
2026-06-12T16:41:25-04:00,68,guaranteed-holder-1,Running,1032,7168,0,max,0,0,29766,1094,17170,False,38
2026-06-12T16:41:25-04:00,68,guaranteed-holder-2,Running,1032,7168,0,max,0,0,29766,1094,17170,False,38
2026-06-12T16:41:25-04:00,68,guaranteed-holder-3,Running,1032,7168,0,max,0,0,29766,1094,17170,False,38
2026-06-12T16:41:25-04:00,68,guaranteed-holder-4,Running,1032,7168,0,max,0,0,29766,1094,17170,False,38
2026-06-12T16:41:25-04:00,68,burstable-holder,Running,518,0,1024,3972841472,0,0,29766,1094,17170,False,38
2026-06-12T16:41:25-04:00,68,besteffort-holder,Running,518,0,0,29943558144,0,0,29766,1094,17170,False,38
2026-06-12T16:41:25-04:00,68,besteffort-aggressor,NotFound,0,0,0,n/a,0,0,29766,1094,17170,False,38
2026-06-12T16:41:27-04:00,70,guaranteed-holder-1,Running,1032,7168,0,max,0,0,29766,1094,17186,False,35
2026-06-12T16:41:27-04:00,70,guaranteed-holder-2,Running,1032,7168,0,max,0,0,29766,1094,17186,False,35
2026-06-12T16:41:27-04:00,70,guaranteed-holder-3,Running,1032,7168,0,max,0,0,29766,1094,17186,False,35
2026-06-12T16:41:27-04:00,70,guaranteed-holder-4,Running,1032,7168,0,max,0,0,29766,1094,17186,False,35
2026-06-12T16:41:27-04:00,70,burstable-holder,Running,518,0,1024,3972841472,0,0,29766,1094,17186,False,35
2026-06-12T16:41:27-04:00,70,besteffort-holder,Running,518,0,0,29943558144,0,0,29766,1094,17186,False,35
2026-06-12T16:41:27-04:00,70,besteffort-aggressor,NotFound,0,0,0,n/a,0,0,29766,1094,17186,False,35
2026-06-12T16:41:29-04:00,72,guaranteed-holder-1,Running,1032,7168,0,max,0,0,29766,1094,17191,False,36
2026-06-12T16:41:29-04:00,72,guaranteed-holder-2,Running,1032,7168,0,max,0,0,29766,1094,17191,False,36
2026-06-12T16:41:29-04:00,72,guaranteed-holder-3,Running,1032,7168,0,max,0,0,29766,1094,17191,False,36
2026-06-12T16:41:29-04:00,72,guaranteed-holder-4,Running,1032,7168,0,max,0,0,29766,1094,17191,False,36
2026-06-12T16:41:29-04:00,72,burstable-holder,Running,518,0,1024,3972841472,0,0,29766,1094,17191,False,36
2026-06-12T16:41:29-04:00,72,besteffort-holder,Running,518,0,0,29943558144,0,0,29766,1094,17191,False,36
2026-06-12T16:41:29-04:00,72,besteffort-aggressor,NotFound,0,0,0,n/a,0,0,29766,1094,17191,False,36
2026-06-12T16:41:32-04:00,75,guaranteed-holder-1,Running,1032,7168,0,max,0,0,29766,1094,17194,False,38
2026-06-12T16:41:32-04:00,75,guaranteed-holder-2,Running,1032,7168,0,max,0,0,29766,1094,17194,False,38
2026-06-12T16:41:32-04:00,75,guaranteed-holder-3,Running,1032,7168,0,max,0,0,29766,1094,17194,False,38
2026-06-12T16:41:32-04:00,75,guaranteed-holder-4,Running,1032,7168,0,max,0,0,29766,1094,17194,False,38
2026-06-12T16:41:32-04:00,75,burstable-holder,Running,518,0,1024,3972841472,0,0,29766,1094,17194,False,38
2026-06-12T16:41:32-04:00,75,besteffort-holder,Running,518,0,0,29943558144,0,0,29766,1094,17194,False,38
2026-06-12T16:41:32-04:00,75,besteffort-aggressor,NotFound,0,0,0,n/a,0,0,29766,1094,17194,False,38
2026-06-12T16:41:34-04:00,77,guaranteed-holder-1,Running,1032,7168,0,max,0,0,29766,1094,17187,False,33
2026-06-12T16:41:34-04:00,77,guaranteed-holder-2,Running,1032,7168,0,max,0,0,29766,1094,17187,False,33
2026-06-12T16:41:34-04:00,77,guaranteed-holder-3,Running,1032,7168,0,max,0,0,29766,1094,17187,False,33
2026-06-12T16:41:34-04:00,77,guaranteed-holder-4,Running,1032,7168,0,max,0,0,29766,1094,17187,False,33
2026-06-12T16:41:34-04:00,77,burstable-holder,Running,518,0,1024,3972841472,0,0,29766,1094,17187,False,33
2026-06-12T16:41:34-04:00,77,besteffort-holder,Running,518,0,0,29943558144,0,0,29766,1094,17187,False,33
2026-06-12T16:41:34-04:00,77,besteffort-aggressor,NotFound,0,0,0,n/a,0,0,29766,1094,17187,False,33
2026-06-12T16:41:36-04:00,79,guaranteed-holder-1,Running,1032,7168,0,max,0,0,29766,1094,17186,False,31
2026-06-12T16:41:36-04:00,79,guaranteed-holder-2,Running,1032,7168,0,max,0,0,29766,1094,17186,False,31
2026-06-12T16:41:36-04:00,79,guaranteed-holder-3,Running,1032,7168,0,max,0,0,29766,1094,17186,False,31
2026-06-12T16:41:36-04:00,79,guaranteed-holder-4,Running,1032,7168,0,max,0,0,29766,1094,17186,False,31
2026-06-12T16:41:36-04:00,79,burstable-holder,Running,518,0,1024,3972841472,0,0,29766,1094,17186,False,31
2026-06-12T16:41:36-04:00,79,besteffort-holder,Running,518,0,0,29943558144,0,0,29766,1094,17186,False,31
2026-06-12T16:41:36-04:00,79,besteffort-aggressor,NotFound,0,0,0,n/a,0,0,29766,1094,17186,False,31
2026-06-12T16:41:39-04:00,82,guaranteed-holder-1,Running,1032,7168,0,max,0,0,29766,1094,17204,False,34
2026-06-12T16:41:39-04:00,82,guaranteed-holder-2,Running,1032,7168,0,max,0,0,29766,1094,17204,False,34
2026-06-12T16:41:39-04:00,82,guaranteed-holder-3,Running,1032,7168,0,max,0,0,29766,1094,17204,False,34
2026-06-12T16:41:39-04:00,82,guaranteed-holder-4,Running,1032,7168,0,max,0,0,29766,1094,17204,False,34
2026-06-12T16:41:39-04:00,82,burstable-holder,Running,518,0,1024,3972841472,0,0,29766,1094,17204,False,34
2026-06-12T16:41:39-04:00,82,besteffort-holder,Running,518,0,0,29943558144,0,0,29766,1094,17204,False,34
2026-06-12T16:41:39-04:00,82,besteffort-aggressor,NotFound,0,0,0,n/a,0,0,29766,1094,17204,False,34
2026-06-12T16:41:41-04:00,84,guaranteed-holder-1,Running,1032,7168,0,max,0,0,29766,1094,17192,False,38
2026-06-12T16:41:41-04:00,84,guaranteed-holder-2,Running,1032,7168,0,max,0,0,29766,1094,17192,False,38
2026-06-12T16:41:41-04:00,84,guaranteed-holder-3,Running,1032,7168,0,max,0,0,29766,1094,17192,False,38
2026-06-12T16:41:41-04:00,84,guaranteed-holder-4,Running,1032,7168,0,max,0,0,29766,1094,17192,False,38
2026-06-12T16:41:41-04:00,84,burstable-holder,Running,518,0,1024,3972841472,0,0,29766,1094,17192,False,38
2026-06-12T16:41:41-04:00,84,besteffort-holder,Running,518,0,0,29943558144,0,0,29766,1094,17192,False,38
2026-06-12T16:41:41-04:00,84,besteffort-aggressor,NotFound,0,0,0,n/a,0,0,29766,1094,17192,False,38
2026-06-12T16:41:44-04:00,87,guaranteed-holder-1,Running,1032,7168,0,max,0,0,29766,1094,17186,False,35
2026-06-12T16:41:44-04:00,87,guaranteed-holder-2,Running,1032,7168,0,max,0,0,29766,1094,17186,False,35
2026-06-12T16:41:44-04:00,87,guaranteed-holder-3,Running,1032,7168,0,max,0,0,29766,1094,17186,False,35
2026-06-12T16:41:44-04:00,87,guaranteed-holder-4,Running,1032,7168,0,max,0,0,29766,1094,17186,False,35
2026-06-12T16:41:44-04:00,87,burstable-holder,Running,518,0,1024,3972841472,0,0,29766,1094,17186,False,35
2026-06-12T16:41:44-04:00,87,besteffort-holder,Running,518,0,0,29943558144,0,0,29766,1094,17186,False,35
2026-06-12T16:41:44-04:00,87,besteffort-aggressor,NotFound,0,0,0,n/a,0,0,29766,1094,17186,False,35
2026-06-12T16:41:46-04:00,89,guaranteed-holder-1,Running,1032,7168,0,max,0,0,29766,1094,17201,False,39
2026-06-12T16:41:46-04:00,89,guaranteed-holder-2,Running,1032,7168,0,max,0,0,29766,1094,17201,False,39
2026-06-12T16:41:46-04:00,89,guaranteed-holder-3,Running,1032,7168,0,max,0,0,29766,1094,17201,False,39
2026-06-12T16:41:46-04:00,89,guaranteed-holder-4,Running,1032,7168,0,max,0,0,29766,1094,17201,False,39
2026-06-12T16:41:46-04:00,89,burstable-holder,Running,518,0,1024,3972841472,0,0,29766,1094,17201,False,39
2026-06-12T16:41:46-04:00,89,besteffort-holder,Running,518,0,0,29943558144,0,0,29766,1094,17201,False,39
2026-06-12T16:41:46-04:00,89,besteffort-aggressor,NotFound,0,0,0,n/a,0,0,29766,1094,17201,False,39
2026-06-12T16:41:48-04:00,91,guaranteed-holder-1,Running,1032,7168,0,max,0,0,29766,1094,17184,False,39
2026-06-12T16:41:48-04:00,91,guaranteed-holder-2,Running,1032,7168,0,max,0,0,29766,1094,17184,False,39
2026-06-12T16:41:48-04:00,91,guaranteed-holder-3,Running,1032,7168,0,max,0,0,29766,1094,17184,False,39
2026-06-12T16:41:48-04:00,91,guaranteed-holder-4,Running,1032,7168,0,max,0,0,29766,1094,17184,False,39
2026-06-12T16:41:48-04:00,91,burstable-holder,Running,518,0,1024,3972841472,0,0,29766,1094,17184,False,39
2026-06-12T16:41:48-04:00,91,besteffort-holder,Running,518,0,0,29943558144,0,0,29766,1094,17184,False,39
2026-06-12T16:41:48-04:00,91,besteffort-aggressor,NotFound,0,0,0,n/a,0,0,29766,1094,17184,False,39
2026-06-12T16:41:51-04:00,94,guaranteed-holder-1,Running,1032,7168,0,max,0,0,29766,1094,17179,False,35
2026-06-12T16:41:51-04:00,94,guaranteed-holder-2,Running,1032,7168,0,max,0,0,29766,1094,17179,False,35
2026-06-12T16:41:51-04:00,94,guaranteed-holder-3,Running,1032,7168,0,max,0,0,29766,1094,17179,False,35
2026-06-12T16:41:51-04:00,94,guaranteed-holder-4,Running,1032,7168,0,max,0,0,29766,1094,17179,False,35
2026-06-12T16:41:51-04:00,94,burstable-holder,Running,518,0,1024,3972841472,0,0,29766,1094,17179,False,35
2026-06-12T16:41:51-04:00,94,besteffort-holder,Running,518,0,0,29943558144,0,0,29766,1094,17179,False,35
2026-06-12T16:41:51-04:00,94,besteffort-aggressor,NotFound,0,0,0,n/a,0,0,29766,1094,17179,False,35
2026-06-12T16:41:53-04:00,96,guaranteed-holder-1,Running,1032,7168,0,max,0,0,29766,1094,17166,False,34
2026-06-12T16:41:53-04:00,96,guaranteed-holder-2,Running,1032,7168,0,max,0,0,29766,1094,17166,False,34
2026-06-12T16:41:53-04:00,96,guaranteed-holder-3,Running,1032,7168,0,max,0,0,29766,1094,17166,False,34
2026-06-12T16:41:53-04:00,96,guaranteed-holder-4,Running,1032,7168,0,max,0,0,29766,1094,17166,False,34
2026-06-12T16:41:53-04:00,96,burstable-holder,Running,518,0,1024,3972841472,0,0,29766,1094,17166,False,34
2026-06-12T16:41:53-04:00,96,besteffort-holder,Running,518,0,0,29943558144,0,0,29766,1094,17166,False,34
2026-06-12T16:41:53-04:00,96,besteffort-aggressor,NotFound,0,0,0,n/a,0,0,29766,1094,17166,False,34
2026-06-12T16:41:56-04:00,99,guaranteed-holder-1,Running,1032,7168,0,max,0,0,29766,1094,17157,False,35
2026-06-12T16:41:56-04:00,99,guaranteed-holder-2,Running,1032,7168,0,max,0,0,29766,1094,17157,False,35
2026-06-12T16:41:56-04:00,99,guaranteed-holder-3,Running,1032,7168,0,max,0,0,29766,1094,17157,False,35
2026-06-12T16:41:56-04:00,99,guaranteed-holder-4,Running,1032,7168,0,max,0,0,29766,1094,17157,False,35
2026-06-12T16:41:56-04:00,99,burstable-holder,Running,518,0,1024,3972841472,0,0,29766,1094,17157,False,35
2026-06-12T16:41:56-04:00,99,besteffort-holder,Running,518,0,0,29943558144,0,0,29766,1094,17157,False,35
2026-06-12T16:41:56-04:00,99,besteffort-aggressor,NotFound,0,0,0,n/a,0,0,29766,1094,17157,False,35
2026-06-12T16:41:58-04:00,101,guaranteed-holder-1,Running,1032,7168,0,max,0,0,29766,1094,17155,False,35
2026-06-12T16:41:58-04:00,101,guaranteed-holder-2,Running,1032,7168,0,max,0,0,29766,1094,17155,False,35
2026-06-12T16:41:58-04:00,101,guaranteed-holder-3,Running,1032,7168,0,max,0,0,29766,1094,17155,False,35
2026-06-12T16:41:58-04:00,101,guaranteed-holder-4,Running,1032,7168,0,max,0,0,29766,1094,17155,False,35
2026-06-12T16:41:58-04:00,101,burstable-holder,Running,518,0,1024,3972841472,0,0,29766,1094,17155,False,35
2026-06-12T16:41:58-04:00,101,besteffort-holder,Running,518,0,0,29943558144,0,0,29766,1094,17155,False,35
2026-06-12T16:41:58-04:00,101,besteffort-aggressor,NotFound,0,0,0,n/a,0,0,29766,1094,17155,False,35
2026-06-12T16:42:00-04:00,103,guaranteed-holder-1,Running,1032,7168,0,max,0,0,29766,1094,17171,False,40
2026-06-12T16:42:00-04:00,103,guaranteed-holder-2,Running,1032,7168,0,max,0,0,29766,1094,17171,False,40
2026-06-12T16:42:00-04:00,103,guaranteed-holder-3,Running,1032,7168,0,max,0,0,29766,1094,17171,False,40
2026-06-12T16:42:00-04:00,103,guaranteed-holder-4,Running,1032,7168,0,max,0,0,29766,1094,17171,False,40
2026-06-12T16:42:00-04:00,103,burstable-holder,Running,518,0,1024,3972841472,0,0,29766,1094,17171,False,40
2026-06-12T16:42:00-04:00,103,besteffort-holder,Running,518,0,0,29943558144,0,0,29766,1094,17171,False,40
2026-06-12T16:42:00-04:00,103,besteffort-aggressor,NotFound,0,0,0,n/a,0,0,29766,1094,17171,False,40
2026-06-12T16:42:03-04:00,106,guaranteed-holder-1,Running,1032,7168,0,max,0,0,29766,1094,17187,False,40
2026-06-12T16:42:03-04:00,106,guaranteed-holder-2,Running,1032,7168,0,max,0,0,29766,1094,17187,False,40
2026-06-12T16:42:03-04:00,106,guaranteed-holder-3,Running,1032,7168,0,max,0,0,29766,1094,17187,False,40
2026-06-12T16:42:03-04:00,106,guaranteed-holder-4,Running,1032,7168,0,max,0,0,29766,1094,17187,False,40
2026-06-12T16:42:03-04:00,106,burstable-holder,Running,518,0,1024,3972841472,0,0,29766,1094,17187,False,40
2026-06-12T16:42:03-04:00,106,besteffort-holder,Running,518,0,0,29943558144,0,0,29766,1094,17187,False,40
2026-06-12T16:42:03-04:00,106,besteffort-aggressor,NotFound,0,0,0,n/a,0,0,29766,1094,17187,False,40
2026-06-12T16:42:05-04:00,108,guaranteed-holder-1,Running,1032,7168,0,max,0,0,29766,1094,17166,False,35
2026-06-12T16:42:05-04:00,108,guaranteed-holder-2,Running,1032,7168,0,max,0,0,29766,1094,17166,False,35
2026-06-12T16:42:05-04:00,108,guaranteed-holder-3,Running,1032,7168,0,max,0,0,29766,1094,17166,False,35
2026-06-12T16:42:05-04:00,108,guaranteed-holder-4,Running,1032,7168,0,max,0,0,29766,1094,17166,False,35
2026-06-12T16:42:05-04:00,108,burstable-holder,Running,518,0,1024,3972841472,0,0,29766,1094,17166,False,35
2026-06-12T16:42:05-04:00,108,besteffort-holder,Running,518,0,0,29943558144,0,0,29766,1094,17166,False,35
2026-06-12T16:42:05-04:00,108,besteffort-aggressor,NotFound,0,0,0,n/a,0,0,29766,1094,17166,False,35
2026-06-12T16:42:07-04:00,110,guaranteed-holder-1,Running,1032,7168,0,max,0,0,29766,1094,17180,False,36
2026-06-12T16:42:07-04:00,110,guaranteed-holder-2,Running,1032,7168,0,max,0,0,29766,1094,17180,False,36
2026-06-12T16:42:07-04:00,110,guaranteed-holder-3,Running,1032,7168,0,max,0,0,29766,1094,17180,False,36
2026-06-12T16:42:07-04:00,110,guaranteed-holder-4,Running,1032,7168,0,max,0,0,29766,1094,17180,False,36
2026-06-12T16:42:07-04:00,110,burstable-holder,Running,518,0,1024,3972841472,0,0,29766,1094,17180,False,36
2026-06-12T16:42:07-04:00,110,besteffort-holder,Running,518,0,0,29943558144,0,0,29766,1094,17180,False,36
2026-06-12T16:42:07-04:00,110,besteffort-aggressor,NotFound,0,0,0,n/a,0,0,29766,1094,17180,False,36
2026-06-12T16:42:10-04:00,113,guaranteed-holder-1,Running,1032,7168,0,max,0,0,29766,1094,17183,False,34
2026-06-12T16:42:10-04:00,113,guaranteed-holder-2,Running,1032,7168,0,max,0,0,29766,1094,17183,False,34
2026-06-12T16:42:10-04:00,113,guaranteed-holder-3,Running,1032,7168,0,max,0,0,29766,1094,17183,False,34
2026-06-12T16:42:10-04:00,113,guaranteed-holder-4,Running,1032,7168,0,max,0,0,29766,1094,17183,False,34
2026-06-12T16:42:10-04:00,113,burstable-holder,Running,518,0,1024,3972841472,0,0,29766,1094,17183,False,34
2026-06-12T16:42:10-04:00,113,besteffort-holder,Running,518,0,0,29943558144,0,0,29766,1094,17183,False,34
2026-06-12T16:42:10-04:00,113,besteffort-aggressor,NotFound,0,0,0,n/a,0,0,29766,1094,17183,False,34
2026-06-12T16:42:12-04:00,115,guaranteed-holder-1,Running,1032,7168,0,max,0,0,29766,1094,17187,False,34
2026-06-12T16:42:12-04:00,115,guaranteed-holder-2,Running,1032,7168,0,max,0,0,29766,1094,17187,False,34
2026-06-12T16:42:12-04:00,115,guaranteed-holder-3,Running,1032,7168,0,max,0,0,29766,1094,17187,False,34
2026-06-12T16:42:12-04:00,115,guaranteed-holder-4,Running,1032,7168,0,max,0,0,29766,1094,17187,False,34
2026-06-12T16:42:12-04:00,115,burstable-holder,Running,518,0,1024,3972841472,0,0,29766,1094,17187,False,34
2026-06-12T16:42:12-04:00,115,besteffort-holder,Running,518,0,0,29943558144,0,0,29766,1094,17187,False,34
2026-06-12T16:42:12-04:00,115,besteffort-aggressor,NotFound,0,0,0,n/a,0,0,29766,1094,17187,False,34
2026-06-12T16:42:15-04:00,118,guaranteed-holder-1,Running,1032,7168,0,max,0,0,29766,1094,17202,False,33
2026-06-12T16:42:15-04:00,118,guaranteed-holder-2,Running,1032,7168,0,max,0,0,29766,1094,17202,False,33
2026-06-12T16:42:15-04:00,118,guaranteed-holder-3,Running,1032,7168,0,max,0,0,29766,1094,17202,False,33
2026-06-12T16:42:15-04:00,118,guaranteed-holder-4,Running,1032,7168,0,max,0,0,29766,1094,17202,False,33
2026-06-12T16:42:15-04:00,118,burstable-holder,Running,518,0,1024,3972841472,0,0,29766,1094,17202,False,33
2026-06-12T16:42:15-04:00,118,besteffort-holder,Running,518,0,0,29943558144,0,0,29766,1094,17202,False,33
2026-06-12T16:42:15-04:00,118,besteffort-aggressor,NotFound,0,0,0,n/a,0,0,29766,1094,17202,False,33
2026-06-12T16:42:17-04:00,120,guaranteed-holder-1,Running,1032,7168,0,max,0,0,29766,1094,17200,False,41
2026-06-12T16:42:17-04:00,120,guaranteed-holder-2,Running,1032,7168,0,max,0,0,29766,1094,17200,False,41
2026-06-12T16:42:17-04:00,120,guaranteed-holder-3,Running,1032,7168,0,max,0,0,29766,1094,17200,False,41
2026-06-12T16:42:17-04:00,120,guaranteed-holder-4,Running,1032,7168,0,max,0,0,29766,1094,17200,False,41
2026-06-12T16:42:17-04:00,120,burstable-holder,Running,518,0,1024,3972841472,0,0,29766,1094,17200,False,41
2026-06-12T16:42:17-04:00,120,besteffort-holder,Running,518,0,0,29943558144,0,0,29766,1094,17200,False,41
2026-06-12T16:42:17-04:00,120,besteffort-aggressor,NotFound,0,0,0,n/a,0,0,29766,1094,17200,False,41
2026-06-12T16:42:19-04:00,122,guaranteed-holder-1,Running,1032,7168,0,max,0,0,29766,1094,17227,False,33
2026-06-12T16:42:19-04:00,122,guaranteed-holder-2,Running,1032,7168,0,max,0,0,29766,1094,17227,False,33
2026-06-12T16:42:19-04:00,122,guaranteed-holder-3,Running,1032,7168,0,max,0,0,29766,1094,17227,False,33
2026-06-12T16:42:19-04:00,122,guaranteed-holder-4,Running,1032,7168,0,max,0,0,29766,1094,17227,False,33
2026-06-12T16:42:19-04:00,122,burstable-holder,Running,518,0,1024,3972841472,0,0,29766,1094,17227,False,33
2026-06-12T16:42:19-04:00,122,besteffort-holder,Running,518,0,0,29943558144,0,0,29766,1094,17227,False,33
2026-06-12T16:42:19-04:00,122,besteffort-aggressor,NotFound,0,0,0,n/a,0,0,29766,1094,17227,False,33
2026-06-12T16:42:22-04:00,125,guaranteed-holder-1,Running,1032,7168,0,max,0,0,29766,1094,17217,False,38
2026-06-12T16:42:22-04:00,125,guaranteed-holder-2,Running,1032,7168,0,max,0,0,29766,1094,17217,False,38
2026-06-12T16:42:22-04:00,125,guaranteed-holder-3,Running,1032,7168,0,max,0,0,29766,1094,17217,False,38
2026-06-12T16:42:22-04:00,125,guaranteed-holder-4,Running,1032,7168,0,max,0,0,29766,1094,17217,False,38
2026-06-12T16:42:22-04:00,125,burstable-holder,Running,518,0,1024,3972841472,0,0,29766,1094,17217,False,38
2026-06-12T16:42:22-04:00,125,besteffort-holder,Running,518,0,0,29943558144,0,0,29766,1094,17217,False,38
2026-06-12T16:42:22-04:00,125,besteffort-aggressor,NotFound,0,0,0,n/a,0,0,29766,1094,17217,False,38
2026-06-12T16:42:24-04:00,127,guaranteed-holder-1,Running,1032,7168,0,max,0,0,29766,1094,17228,False,37
2026-06-12T16:42:24-04:00,127,guaranteed-holder-2,Running,1032,7168,0,max,0,0,29766,1094,17228,False,37
2026-06-12T16:42:24-04:00,127,guaranteed-holder-3,Running,1032,7168,0,max,0,0,29766,1094,17228,False,37
2026-06-12T16:42:24-04:00,127,guaranteed-holder-4,Running,1032,7168,0,max,0,0,29766,1094,17228,False,37
2026-06-12T16:42:24-04:00,127,burstable-holder,Running,518,0,1024,3972841472,0,0,29766,1094,17228,False,37
2026-06-12T16:42:24-04:00,127,besteffort-holder,Running,518,0,0,29943558144,0,0,29766,1094,17228,False,37
2026-06-12T16:42:24-04:00,127,besteffort-aggressor,NotFound,0,0,0,n/a,0,0,29766,1094,17228,False,37
2026-06-12T16:42:27-04:00,130,guaranteed-holder-1,Running,1032,7168,0,max,0,0,29766,1094,17226,False,32
2026-06-12T16:42:27-04:00,130,guaranteed-holder-2,Running,1032,7168,0,max,0,0,29766,1094,17226,False,32
2026-06-12T16:42:27-04:00,130,guaranteed-holder-3,Running,1032,7168,0,max,0,0,29766,1094,17226,False,32
2026-06-12T16:42:27-04:00,130,guaranteed-holder-4,Running,1032,7168,0,max,0,0,29766,1094,17226,False,32
2026-06-12T16:42:27-04:00,130,burstable-holder,Running,518,0,1024,3972841472,0,0,29766,1094,17226,False,32
2026-06-12T16:42:27-04:00,130,besteffort-holder,Running,518,0,0,29943558144,0,0,29766,1094,17226,False,32
2026-06-12T16:42:27-04:00,130,besteffort-aggressor,NotFound,0,0,0,n/a,0,0,29766,1094,17226,False,32
2026-06-12T16:42:29-04:00,132,guaranteed-holder-1,Running,1032,7168,0,max,0,0,29766,1094,17237,False,34
2026-06-12T16:42:29-04:00,132,guaranteed-holder-2,Running,1032,7168,0,max,0,0,29766,1094,17237,False,34
2026-06-12T16:42:29-04:00,132,guaranteed-holder-3,Running,1032,7168,0,max,0,0,29766,1094,17237,False,34
2026-06-12T16:42:29-04:00,132,guaranteed-holder-4,Running,1032,7168,0,max,0,0,29766,1094,17237,False,34
2026-06-12T16:42:29-04:00,132,burstable-holder,Running,518,0,1024,3972841472,0,0,29766,1094,17237,False,34
2026-06-12T16:42:29-04:00,132,besteffort-holder,Running,518,0,0,29943558144,0,0,29766,1094,17237,False,34
2026-06-12T16:42:29-04:00,132,besteffort-aggressor,NotFound,0,0,0,n/a,0,0,29766,1094,17237,False,34
2026-06-12T16:42:31-04:00,134,guaranteed-holder-1,Running,1032,7168,0,max,0,0,29766,1094,17237,False,37
2026-06-12T16:42:31-04:00,134,guaranteed-holder-2,Running,1032,7168,0,max,0,0,29766,1094,17237,False,37
2026-06-12T16:42:31-04:00,134,guaranteed-holder-3,Running,1032,7168,0,max,0,0,29766,1094,17237,False,37
2026-06-12T16:42:31-04:00,134,guaranteed-holder-4,Running,1032,7168,0,max,0,0,29766,1094,17237,False,37
2026-06-12T16:42:31-04:00,134,burstable-holder,Running,518,0,1024,3972841472,0,0,29766,1094,17237,False,37
2026-06-12T16:42:31-04:00,134,besteffort-holder,Running,518,0,0,29943558144,0,0,29766,1094,17237,False,37
2026-06-12T16:42:31-04:00,134,besteffort-aggressor,NotFound,0,0,0,n/a,0,0,29766,1094,17237,False,37
2026-06-12T16:42:34-04:00,137,guaranteed-holder-1,Running,1032,7168,0,max,0,0,29766,1094,17209,False,41
2026-06-12T16:42:34-04:00,137,guaranteed-holder-2,Running,1032,7168,0,max,0,0,29766,1094,17209,False,41
2026-06-12T16:42:34-04:00,137,guaranteed-holder-3,Running,1032,7168,0,max,0,0,29766,1094,17209,False,41
2026-06-12T16:42:34-04:00,137,guaranteed-holder-4,Running,1032,7168,0,max,0,0,29766,1094,17209,False,41
2026-06-12T16:42:34-04:00,137,burstable-holder,Running,518,0,1024,3972841472,0,0,29766,1094,17209,False,41
2026-06-12T16:42:34-04:00,137,besteffort-holder,Running,518,0,0,29943558144,0,0,29766,1094,17209,False,41
2026-06-12T16:42:34-04:00,137,besteffort-aggressor,NotFound,0,0,0,n/a,0,0,29766,1094,17209,False,41
2026-06-12T16:42:36-04:00,139,guaranteed-holder-1,Running,1032,7168,0,max,0,0,29766,1094,17219,False,34
2026-06-12T16:42:36-04:00,139,guaranteed-holder-2,Running,1032,7168,0,max,0,0,29766,1094,17219,False,34
2026-06-12T16:42:36-04:00,139,guaranteed-holder-3,Running,1032,7168,0,max,0,0,29766,1094,17219,False,34
2026-06-12T16:42:36-04:00,139,guaranteed-holder-4,Running,1032,7168,0,max,0,0,29766,1094,17219,False,34
2026-06-12T16:42:36-04:00,139,burstable-holder,Running,518,0,1024,3972841472,0,0,29766,1094,17219,False,34
2026-06-12T16:42:36-04:00,139,besteffort-holder,Running,518,0,0,29943558144,0,0,29766,1094,17219,False,34
2026-06-12T16:42:36-04:00,139,besteffort-aggressor,NotFound,0,0,0,n/a,0,0,29766,1094,17219,False,34
2026-06-12T16:42:38-04:00,141,guaranteed-holder-1,Running,1032,7168,0,max,0,0,29766,1094,17213,False,32
2026-06-12T16:42:38-04:00,141,guaranteed-holder-2,Running,1032,7168,0,max,0,0,29766,1094,17213,False,32
2026-06-12T16:42:38-04:00,141,guaranteed-holder-3,Running,1032,7168,0,max,0,0,29766,1094,17213,False,32
2026-06-12T16:42:38-04:00,141,guaranteed-holder-4,Running,1032,7168,0,max,0,0,29766,1094,17213,False,32
2026-06-12T16:42:38-04:00,141,burstable-holder,Running,518,0,1024,3972841472,0,0,29766,1094,17213,False,32
2026-06-12T16:42:38-04:00,141,besteffort-holder,Running,518,0,0,29943558144,0,0,29766,1094,17213,False,32
2026-06-12T16:42:38-04:00,141,besteffort-aggressor,NotFound,0,0,0,n/a,0,0,29766,1094,17213,False,32
2026-06-12T16:42:41-04:00,144,guaranteed-holder-1,Running,1032,7168,0,max,0,0,29766,1094,17228,False,34
2026-06-12T16:42:41-04:00,144,guaranteed-holder-2,Running,1032,7168,0,max,0,0,29766,1094,17228,False,34
2026-06-12T16:42:41-04:00,144,guaranteed-holder-3,Running,1032,7168,0,max,0,0,29766,1094,17228,False,34
2026-06-12T16:42:41-04:00,144,guaranteed-holder-4,Running,1032,7168,0,max,0,0,29766,1094,17228,False,34
2026-06-12T16:42:41-04:00,144,burstable-holder,Running,518,0,1024,3972841472,0,0,29766,1094,17228,False,34
2026-06-12T16:42:41-04:00,144,besteffort-holder,Running,518,0,0,29943558144,0,0,29766,1094,17228,False,34
2026-06-12T16:42:41-04:00,144,besteffort-aggressor,NotFound,0,0,0,n/a,0,0,29766,1094,17228,False,34
2026-06-12T16:42:43-04:00,146,guaranteed-holder-1,Running,1032,7168,0,max,0,0,29766,1094,17245,False,43
2026-06-12T16:42:43-04:00,146,guaranteed-holder-2,Running,1032,7168,0,max,0,0,29766,1094,17245,False,43
2026-06-12T16:42:43-04:00,146,guaranteed-holder-3,Running,1032,7168,0,max,0,0,29766,1094,17245,False,43
2026-06-12T16:42:43-04:00,146,guaranteed-holder-4,Running,1032,7168,0,max,0,0,29766,1094,17245,False,43
2026-06-12T16:42:43-04:00,146,burstable-holder,Running,518,0,1024,3972841472,0,0,29766,1094,17245,False,43
2026-06-12T16:42:43-04:00,146,besteffort-holder,Running,518,0,0,29943558144,0,0,29766,1094,17245,False,43
2026-06-12T16:42:43-04:00,146,besteffort-aggressor,NotFound,0,0,0,n/a,0,0,29766,1094,17245,False,43
2026-06-12T16:42:46-04:00,149,guaranteed-holder-1,Running,1032,7168,0,max,0,0,29766,1094,17222,False,35
2026-06-12T16:42:46-04:00,149,guaranteed-holder-2,Running,1032,7168,0,max,0,0,29766,1094,17222,False,35
2026-06-12T16:42:46-04:00,149,guaranteed-holder-3,Running,1032,7168,0,max,0,0,29766,1094,17222,False,35
2026-06-12T16:42:46-04:00,149,guaranteed-holder-4,Running,1032,7168,0,max,0,0,29766,1094,17222,False,35
2026-06-12T16:42:46-04:00,149,burstable-holder,Running,518,0,1024,3972841472,0,0,29766,1094,17222,False,35
2026-06-12T16:42:46-04:00,149,besteffort-holder,Running,518,0,0,29943558144,0,0,29766,1094,17222,False,35
2026-06-12T16:42:46-04:00,149,besteffort-aggressor,NotFound,0,0,0,n/a,0,0,29766,1094,17222,False,35
2026-06-12T16:42:48-04:00,151,guaranteed-holder-1,Running,1032,7168,0,max,0,0,29766,1094,17224,False,35
2026-06-12T16:42:48-04:00,151,guaranteed-holder-2,Running,1032,7168,0,max,0,0,29766,1094,17224,False,35
2026-06-12T16:42:48-04:00,151,guaranteed-holder-3,Running,1032,7168,0,max,0,0,29766,1094,17224,False,35
2026-06-12T16:42:48-04:00,151,guaranteed-holder-4,Running,1032,7168,0,max,0,0,29766,1094,17224,False,35
2026-06-12T16:42:48-04:00,151,burstable-holder,Running,518,0,1024,3972841472,0,0,29766,1094,17224,False,35
2026-06-12T16:42:48-04:00,151,besteffort-holder,Running,518,0,0,29943558144,0,0,29766,1094,17224,False,35
2026-06-12T16:42:48-04:00,151,besteffort-aggressor,NotFound,0,0,0,n/a,0,0,29766,1094,17224,False,35
2026-06-12T16:42:50-04:00,153,guaranteed-holder-1,Running,1032,7168,0,max,0,0,29766,1094,17236,False,43
2026-06-12T16:42:50-04:00,153,guaranteed-holder-2,Running,1032,7168,0,max,0,0,29766,1094,17236,False,43
2026-06-12T16:42:50-04:00,153,guaranteed-holder-3,Running,1032,7168,0,max,0,0,29766,1094,17236,False,43
2026-06-12T16:42:50-04:00,153,guaranteed-holder-4,Running,1032,7168,0,max,0,0,29766,1094,17236,False,43
2026-06-12T16:42:50-04:00,153,burstable-holder,Running,518,0,1024,3972841472,0,0,29766,1094,17236,False,43
2026-06-12T16:42:50-04:00,153,besteffort-holder,Running,518,0,0,29943558144,0,0,29766,1094,17236,False,43
2026-06-12T16:42:50-04:00,153,besteffort-aggressor,NotFound,0,0,0,n/a,0,0,29766,1094,17236,False,43
2026-06-12T16:42:53-04:00,156,guaranteed-holder-1,Running,1032,7168,0,max,0,0,29766,1094,17207,False,32
2026-06-12T16:42:53-04:00,156,guaranteed-holder-2,Running,1032,7168,0,max,0,0,29766,1094,17207,False,32
2026-06-12T16:42:53-04:00,156,guaranteed-holder-3,Running,1032,7168,0,max,0,0,29766,1094,17207,False,32
2026-06-12T16:42:53-04:00,156,guaranteed-holder-4,Running,1032,7168,0,max,0,0,29766,1094,17207,False,32
2026-06-12T16:42:53-04:00,156,burstable-holder,Running,518,0,1024,3972841472,0,0,29766,1094,17207,False,32
2026-06-12T16:42:53-04:00,156,besteffort-holder,Running,518,0,0,29943558144,0,0,29766,1094,17207,False,32
2026-06-12T16:42:53-04:00,156,besteffort-aggressor,NotFound,0,0,0,n/a,0,0,29766,1094,17207,False,32
2026-06-12T16:42:55-04:00,158,guaranteed-holder-1,Running,1032,7168,0,max,0,0,29766,1094,17198,False,36
2026-06-12T16:42:55-04:00,158,guaranteed-holder-2,Running,1032,7168,0,max,0,0,29766,1094,17198,False,36
2026-06-12T16:42:55-04:00,158,guaranteed-holder-3,Running,1032,7168,0,max,0,0,29766,1094,17198,False,36
2026-06-12T16:42:55-04:00,158,guaranteed-holder-4,Running,1032,7168,0,max,0,0,29766,1094,17198,False,36
2026-06-12T16:42:55-04:00,158,burstable-holder,Running,518,0,1024,3972841472,0,0,29766,1094,17198,False,36
2026-06-12T16:42:55-04:00,158,besteffort-holder,Running,518,0,0,29943558144,0,0,29766,1094,17198,False,36
2026-06-12T16:42:55-04:00,158,besteffort-aggressor,NotFound,0,0,0,n/a,0,0,29766,1094,17198,False,36
2026-06-12T16:42:58-04:00,161,guaranteed-holder-1,Running,1032,7168,0,max,0,0,29766,1094,17220,False,36
2026-06-12T16:42:58-04:00,161,guaranteed-holder-2,Running,1032,7168,0,max,0,0,29766,1094,17220,False,36
2026-06-12T16:42:58-04:00,161,guaranteed-holder-3,Running,1032,7168,0,max,0,0,29766,1094,17220,False,36
2026-06-12T16:42:58-04:00,161,guaranteed-holder-4,Running,1032,7168,0,max,0,0,29766,1094,17220,False,36
2026-06-12T16:42:58-04:00,161,burstable-holder,Running,518,0,1024,3972841472,0,0,29766,1094,17220,False,36
2026-06-12T16:42:58-04:00,161,besteffort-holder,Running,518,0,0,29943558144,0,0,29766,1094,17220,False,36
2026-06-12T16:42:58-04:00,161,besteffort-aggressor,NotFound,0,0,0,n/a,0,0,29766,1094,17220,False,36
2026-06-12T16:43:00-04:00,163,guaranteed-holder-1,Running,1032,7168,0,max,0,0,29766,1094,17216,False,34
2026-06-12T16:43:00-04:00,163,guaranteed-holder-2,Running,1032,7168,0,max,0,0,29766,1094,17216,False,34
2026-06-12T16:43:00-04:00,163,guaranteed-holder-3,Running,1032,7168,0,max,0,0,29766,1094,17216,False,34
2026-06-12T16:43:00-04:00,163,guaranteed-holder-4,Running,1032,7168,0,max,0,0,29766,1094,17216,False,34
2026-06-12T16:43:00-04:00,163,burstable-holder,Running,518,0,1024,3972841472,0,0,29766,1094,17216,False,34
2026-06-12T16:43:00-04:00,163,besteffort-holder,Running,518,0,0,29943558144,0,0,29766,1094,17216,False,34
2026-06-12T16:43:00-04:00,163,besteffort-aggressor,NotFound,0,0,0,n/a,0,0,29766,1094,17216,False,34
2026-06-12T16:43:02-04:00,165,guaranteed-holder-1,Running,1032,7168,0,max,0,0,29766,1094,17206,False,34
2026-06-12T16:43:02-04:00,165,guaranteed-holder-2,Running,1032,7168,0,max,0,0,29766,1094,17206,False,34
2026-06-12T16:43:02-04:00,165,guaranteed-holder-3,Running,1032,7168,0,max,0,0,29766,1094,17206,False,34
2026-06-12T16:43:02-04:00,165,guaranteed-holder-4,Running,1032,7168,0,max,0,0,29766,1094,17206,False,34
2026-06-12T16:43:02-04:00,165,burstable-holder,Running,518,0,1024,3972841472,0,0,29766,1094,17206,False,34
2026-06-12T16:43:02-04:00,165,besteffort-holder,Running,518,0,0,29943558144,0,0,29766,1094,17206,False,34
2026-06-12T16:43:02-04:00,165,besteffort-aggressor,NotFound,0,0,0,n/a,0,0,29766,1094,17206,False,34
2026-06-12T16:43:05-04:00,168,guaranteed-holder-1,Running,1032,7168,0,max,0,0,29766,1094,17207,False,37
2026-06-12T16:43:05-04:00,168,guaranteed-holder-2,Running,1032,7168,0,max,0,0,29766,1094,17207,False,37
2026-06-12T16:43:05-04:00,168,guaranteed-holder-3,Running,1032,7168,0,max,0,0,29766,1094,17207,False,37
2026-06-12T16:43:05-04:00,168,guaranteed-holder-4,Running,1032,7168,0,max,0,0,29766,1094,17207,False,37
2026-06-12T16:43:05-04:00,168,burstable-holder,Running,518,0,1024,3972841472,0,0,29766,1094,17207,False,37
2026-06-12T16:43:05-04:00,168,besteffort-holder,Running,518,0,0,29943558144,0,0,29766,1094,17207,False,37
2026-06-12T16:43:05-04:00,168,besteffort-aggressor,NotFound,0,0,0,n/a,0,0,29766,1094,17207,False,37
2026-06-12T16:43:07-04:00,170,guaranteed-holder-1,Running,1032,7168,0,max,0,0,29766,1094,17199,False,36
2026-06-12T16:43:07-04:00,170,guaranteed-holder-2,Running,1032,7168,0,max,0,0,29766,1094,17199,False,36
2026-06-12T16:43:07-04:00,170,guaranteed-holder-3,Running,1032,7168,0,max,0,0,29766,1094,17199,False,36
2026-06-12T16:43:07-04:00,170,guaranteed-holder-4,Running,1032,7168,0,max,0,0,29766,1094,17199,False,36
2026-06-12T16:43:07-04:00,170,burstable-holder,Running,518,0,1024,3972841472,0,0,29766,1094,17199,False,36
2026-06-12T16:43:07-04:00,170,besteffort-holder,Running,518,0,0,29943558144,0,0,29766,1094,17199,False,36
2026-06-12T16:43:07-04:00,170,besteffort-aggressor,NotFound,0,0,0,n/a,0,0,29766,1094,17199,False,36
2026-06-12T16:43:10-04:00,173,guaranteed-holder-1,Running,1032,7168,0,max,0,0,29766,1094,17235,False,34
2026-06-12T16:43:10-04:00,173,guaranteed-holder-2,Running,1032,7168,0,max,0,0,29766,1094,17235,False,34
2026-06-12T16:43:10-04:00,173,guaranteed-holder-3,Running,1032,7168,0,max,0,0,29766,1094,17235,False,34
2026-06-12T16:43:10-04:00,173,guaranteed-holder-4,Running,1032,7168,0,max,0,0,29766,1094,17235,False,34
2026-06-12T16:43:10-04:00,173,burstable-holder,Running,518,0,1024,3972841472,0,0,29766,1094,17235,False,34
2026-06-12T16:43:10-04:00,173,besteffort-holder,Running,518,0,0,29943558144,0,0,29766,1094,17235,False,34
2026-06-12T16:43:10-04:00,173,besteffort-aggressor,NotFound,0,0,0,n/a,0,0,29766,1094,17235,False,34
2026-06-12T16:43:12-04:00,175,guaranteed-holder-1,Running,1032,7168,0,max,0,0,29766,1094,17245,False,36
2026-06-12T16:43:12-04:00,175,guaranteed-holder-2,Running,1032,7168,0,max,0,0,29766,1094,17245,False,36
2026-06-12T16:43:12-04:00,175,guaranteed-holder-3,Running,1032,7168,0,max,0,0,29766,1094,17245,False,36
2026-06-12T16:43:12-04:00,175,guaranteed-holder-4,Running,1032,7168,0,max,0,0,29766,1094,17245,False,36
2026-06-12T16:43:12-04:00,175,burstable-holder,Running,518,0,1024,3972841472,0,0,29766,1094,17245,False,36
2026-06-12T16:43:12-04:00,175,besteffort-holder,Running,518,0,0,29943558144,0,0,29766,1094,17245,False,36
2026-06-12T16:43:12-04:00,175,besteffort-aggressor,NotFound,0,0,0,n/a,0,0,29766,1094,17245,False,36
2026-06-12T16:43:14-04:00,177,guaranteed-holder-1,Running,1032,7168,0,max,0,0,29766,1094,17258,False,33
2026-06-12T16:43:14-04:00,177,guaranteed-holder-2,Running,1032,7168,0,max,0,0,29766,1094,17258,False,33
2026-06-12T16:43:14-04:00,177,guaranteed-holder-3,Running,1032,7168,0,max,0,0,29766,1094,17258,False,33
2026-06-12T16:43:14-04:00,177,guaranteed-holder-4,Running,1032,7168,0,max,0,0,29766,1094,17258,False,33
2026-06-12T16:43:14-04:00,177,burstable-holder,Running,518,0,1024,3972841472,0,0,29766,1094,17258,False,33
2026-06-12T16:43:14-04:00,177,besteffort-holder,Running,518,0,0,29943558144,0,0,29766,1094,17258,False,33
2026-06-12T16:43:14-04:00,177,besteffort-aggressor,NotFound,0,0,0,n/a,0,0,29766,1094,17258,False,33
2026-06-12T16:43:17-04:00,180,guaranteed-holder-1,Running,1032,7168,0,max,0,0,29766,1094,17260,False,41
2026-06-12T16:43:17-04:00,180,guaranteed-holder-2,Running,1032,7168,0,max,0,0,29766,1094,17260,False,41
2026-06-12T16:43:17-04:00,180,guaranteed-holder-3,Running,1032,7168,0,max,0,0,29766,1094,17260,False,41
2026-06-12T16:43:17-04:00,180,guaranteed-holder-4,Running,1032,7168,0,max,0,0,29766,1094,17260,False,41
2026-06-12T16:43:17-04:00,180,burstable-holder,Running,518,0,1024,3972841472,0,0,29766,1094,17260,False,41
2026-06-12T16:43:17-04:00,180,besteffort-holder,Running,518,0,0,29943558144,0,0,29766,1094,17260,False,41
2026-06-12T16:43:17-04:00,180,besteffort-aggressor,NotFound,0,0,0,n/a,0,0,29766,1094,17260,False,41
2026-06-12T16:43:19-04:00,182,guaranteed-holder-1,Running,1032,7168,0,max,0,0,29766,1094,17260,False,36
2026-06-12T16:43:19-04:00,182,guaranteed-holder-2,Running,1032,7168,0,max,0,0,29766,1094,17260,False,36
2026-06-12T16:43:19-04:00,182,guaranteed-holder-3,Running,1032,7168,0,max,0,0,29766,1094,17260,False,36
2026-06-12T16:43:19-04:00,182,guaranteed-holder-4,Running,1032,7168,0,max,0,0,29766,1094,17260,False,36
2026-06-12T16:43:19-04:00,182,burstable-holder,Running,518,0,1024,3972841472,0,0,29766,1094,17260,False,36
2026-06-12T16:43:19-04:00,182,besteffort-holder,Running,518,0,0,29943558144,0,0,29766,1094,17260,False,36
2026-06-12T16:43:19-04:00,182,besteffort-aggressor,NotFound,0,0,0,n/a,0,0,29766,1094,17260,False,36
2026-06-12T16:43:21-04:00,184,guaranteed-holder-1,Running,1032,7168,0,max,0,0,29766,1094,17278,False,35
2026-06-12T16:43:21-04:00,184,guaranteed-holder-2,Running,1032,7168,0,max,0,0,29766,1094,17278,False,35
2026-06-12T16:43:21-04:00,184,guaranteed-holder-3,Running,1032,7168,0,max,0,0,29766,1094,17278,False,35
2026-06-12T16:43:21-04:00,184,guaranteed-holder-4,Running,1032,7168,0,max,0,0,29766,1094,17278,False,35
2026-06-12T16:43:21-04:00,184,burstable-holder,Running,518,0,1024,3972841472,0,0,29766,1094,17278,False,35
2026-06-12T16:43:21-04:00,184,besteffort-holder,Running,518,0,0,29943558144,0,0,29766,1094,17278,False,35
2026-06-12T16:43:21-04:00,184,besteffort-aggressor,NotFound,0,0,0,n/a,0,0,29766,1094,17278,False,35
2026-06-12T16:43:24-04:00,187,guaranteed-holder-1,Running,1032,7168,0,max,0,0,29766,1094,17274,False,40
2026-06-12T16:43:24-04:00,187,guaranteed-holder-2,Running,1032,7168,0,max,0,0,29766,1094,17274,False,40
2026-06-12T16:43:24-04:00,187,guaranteed-holder-3,Running,1032,7168,0,max,0,0,29766,1094,17274,False,40
2026-06-12T16:43:24-04:00,187,guaranteed-holder-4,Running,1032,7168,0,max,0,0,29766,1094,17274,False,40
2026-06-12T16:43:24-04:00,187,burstable-holder,Running,518,0,1024,3972841472,0,0,29766,1094,17274,False,40
2026-06-12T16:43:24-04:00,187,besteffort-holder,Running,518,0,0,29943558144,0,0,29766,1094,17274,False,40
2026-06-12T16:43:24-04:00,187,besteffort-aggressor,NotFound,0,0,0,n/a,0,0,29766,1094,17274,False,40
2026-06-12T16:43:26-04:00,189,guaranteed-holder-1,Running,1032,7168,0,max,0,0,29766,1094,17262,False,32
2026-06-12T16:43:26-04:00,189,guaranteed-holder-2,Running,1032,7168,0,max,0,0,29766,1094,17262,False,32
2026-06-12T16:43:26-04:00,189,guaranteed-holder-3,Running,1032,7168,0,max,0,0,29766,1094,17262,False,32
2026-06-12T16:43:26-04:00,189,guaranteed-holder-4,Running,1032,7168,0,max,0,0,29766,1094,17262,False,32
2026-06-12T16:43:26-04:00,189,burstable-holder,Running,518,0,1024,3972841472,0,0,29766,1094,17262,False,32
2026-06-12T16:43:26-04:00,189,besteffort-holder,Running,518,0,0,29943558144,0,0,29766,1094,17262,False,32
2026-06-12T16:43:26-04:00,189,besteffort-aggressor,NotFound,0,0,0,n/a,0,0,29766,1094,17262,False,32
2026-06-12T16:43:29-04:00,192,guaranteed-holder-1,Running,1032,7168,0,max,0,0,29766,1094,17258,False,34
2026-06-12T16:43:29-04:00,192,guaranteed-holder-2,Running,1032,7168,0,max,0,0,29766,1094,17258,False,34
2026-06-12T16:43:29-04:00,192,guaranteed-holder-3,Running,1032,7168,0,max,0,0,29766,1094,17258,False,34
2026-06-12T16:43:29-04:00,192,guaranteed-holder-4,Running,1032,7168,0,max,0,0,29766,1094,17258,False,34
2026-06-12T16:43:29-04:00,192,burstable-holder,Running,518,0,1024,3972841472,0,0,29766,1094,17258,False,34
2026-06-12T16:43:29-04:00,192,besteffort-holder,Running,518,0,0,29943558144,0,0,29766,1094,17258,False,34
2026-06-12T16:43:29-04:00,192,besteffort-aggressor,NotFound,0,0,0,n/a,0,0,29766,1094,17258,False,34
2026-06-12T16:43:31-04:00,194,guaranteed-holder-1,Running,1032,7168,0,max,0,0,29766,1094,17261,False,43
2026-06-12T16:43:31-04:00,194,guaranteed-holder-2,Running,1032,7168,0,max,0,0,29766,1094,17261,False,43
2026-06-12T16:43:31-04:00,194,guaranteed-holder-3,Running,1032,7168,0,max,0,0,29766,1094,17261,False,43
2026-06-12T16:43:31-04:00,194,guaranteed-holder-4,Running,1032,7168,0,max,0,0,29766,1094,17261,False,43
2026-06-12T16:43:31-04:00,194,burstable-holder,Running,518,0,1024,3972841472,0,0,29766,1094,17261,False,43
2026-06-12T16:43:31-04:00,194,besteffort-holder,Running,518,0,0,29943558144,0,0,29766,1094,17261,False,43
2026-06-12T16:43:31-04:00,194,besteffort-aggressor,NotFound,0,0,0,n/a,0,0,29766,1094,17261,False,43
2026-06-12T16:43:33-04:00,196,guaranteed-holder-1,Running,1032,7168,0,max,0,0,29766,1094,17252,False,45
2026-06-12T16:43:33-04:00,196,guaranteed-holder-2,Running,1032,7168,0,max,0,0,29766,1094,17252,False,45
2026-06-12T16:43:33-04:00,196,guaranteed-holder-3,Running,1032,7168,0,max,0,0,29766,1094,17252,False,45
2026-06-12T16:43:33-04:00,196,guaranteed-holder-4,Running,1032,7168,0,max,0,0,29766,1094,17252,False,45
2026-06-12T16:43:33-04:00,196,burstable-holder,Running,518,0,1024,3972841472,0,0,29766,1094,17252,False,45
2026-06-12T16:43:33-04:00,196,besteffort-holder,Running,518,0,0,29943558144,0,0,29766,1094,17252,False,45
2026-06-12T16:43:33-04:00,196,besteffort-aggressor,NotFound,0,0,0,n/a,0,0,29766,1094,17252,False,45
2026-06-12T16:43:36-04:00,199,guaranteed-holder-1,Running,1032,7168,0,max,0,0,29766,1094,17263,False,34
2026-06-12T16:43:36-04:00,199,guaranteed-holder-2,Running,1032,7168,0,max,0,0,29766,1094,17263,False,34
2026-06-12T16:43:36-04:00,199,guaranteed-holder-3,Running,1032,7168,0,max,0,0,29766,1094,17263,False,34
2026-06-12T16:43:36-04:00,199,guaranteed-holder-4,Running,1032,7168,0,max,0,0,29766,1094,17263,False,34
2026-06-12T16:43:36-04:00,199,burstable-holder,Running,518,0,1024,3972841472,0,0,29766,1094,17263,False,34
2026-06-12T16:43:36-04:00,199,besteffort-holder,Running,518,0,0,29943558144,0,0,29766,1094,17263,False,34
2026-06-12T16:43:36-04:00,199,besteffort-aggressor,NotFound,0,0,0,n/a,0,0,29766,1094,17263,False,34
2026-06-12T16:43:38-04:00,201,guaranteed-holder-1,Running,1032,7168,0,max,0,0,29766,1094,17263,False,38
2026-06-12T16:43:38-04:00,201,guaranteed-holder-2,Running,1032,7168,0,max,0,0,29766,1094,17263,False,38
2026-06-12T16:43:38-04:00,201,guaranteed-holder-3,Running,1032,7168,0,max,0,0,29766,1094,17263,False,38
2026-06-12T16:43:38-04:00,201,guaranteed-holder-4,Running,1032,7168,0,max,0,0,29766,1094,17263,False,38
2026-06-12T16:43:38-04:00,201,burstable-holder,Running,518,0,1024,3972841472,0,0,29766,1094,17263,False,38
2026-06-12T16:43:38-04:00,201,besteffort-holder,Running,518,0,0,29943558144,0,0,29766,1094,17263,False,38
2026-06-12T16:43:38-04:00,201,besteffort-aggressor,NotFound,0,0,0,n/a,0,0,29766,1094,17263,False,38
2026-06-12T16:43:41-04:00,204,guaranteed-holder-1,Running,1032,7168,0,max,0,0,29766,1094,17283,False,33
2026-06-12T16:43:41-04:00,204,guaranteed-holder-2,Running,1032,7168,0,max,0,0,29766,1094,17283,False,33
2026-06-12T16:43:41-04:00,204,guaranteed-holder-3,Running,1032,7168,0,max,0,0,29766,1094,17283,False,33
2026-06-12T16:43:41-04:00,204,guaranteed-holder-4,Running,1032,7168,0,max,0,0,29766,1094,17283,False,33
2026-06-12T16:43:41-04:00,204,burstable-holder,Running,518,0,1024,3972841472,0,0,29766,1094,17283,False,33
2026-06-12T16:43:41-04:00,204,besteffort-holder,Running,518,0,0,29943558144,0,0,29766,1094,17283,False,33
2026-06-12T16:43:41-04:00,204,besteffort-aggressor,NotFound,0,0,0,n/a,0,0,29766,1094,17283,False,33
2026-06-12T16:43:43-04:00,206,guaranteed-holder-1,Running,1032,7168,0,max,0,0,29766,1094,17296,False,35
2026-06-12T16:43:43-04:00,206,guaranteed-holder-2,Running,1032,7168,0,max,0,0,29766,1094,17296,False,35
2026-06-12T16:43:43-04:00,206,guaranteed-holder-3,Running,1032,7168,0,max,0,0,29766,1094,17296,False,35
2026-06-12T16:43:43-04:00,206,guaranteed-holder-4,Running,1032,7168,0,max,0,0,29766,1094,17296,False,35
2026-06-12T16:43:43-04:00,206,burstable-holder,Running,518,0,1024,3972841472,0,0,29766,1094,17296,False,35
2026-06-12T16:43:43-04:00,206,besteffort-holder,Running,518,0,0,29943558144,0,0,29766,1094,17296,False,35
2026-06-12T16:43:43-04:00,206,besteffort-aggressor,NotFound,0,0,0,n/a,0,0,29766,1094,17296,False,35
2026-06-12T16:43:45-04:00,208,guaranteed-holder-1,Running,1032,7168,0,max,0,0,29766,1094,17286,False,39
2026-06-12T16:43:45-04:00,208,guaranteed-holder-2,Running,1032,7168,0,max,0,0,29766,1094,17286,False,39
2026-06-12T16:43:45-04:00,208,guaranteed-holder-3,Running,1032,7168,0,max,0,0,29766,1094,17286,False,39
2026-06-12T16:43:45-04:00,208,guaranteed-holder-4,Running,1032,7168,0,max,0,0,29766,1094,17286,False,39
2026-06-12T16:43:45-04:00,208,burstable-holder,Running,518,0,1024,3972841472,0,0,29766,1094,17286,False,39
2026-06-12T16:43:45-04:00,208,besteffort-holder,Running,518,0,0,29943558144,0,0,29766,1094,17286,False,39
2026-06-12T16:43:45-04:00,208,besteffort-aggressor,NotFound,0,0,0,n/a,0,0,29766,1094,17286,False,39
2026-06-12T16:43:48-04:00,211,guaranteed-holder-1,Running,1032,7168,0,max,0,0,29766,1094,17289,False,39
2026-06-12T16:43:48-04:00,211,guaranteed-holder-2,Running,1032,7168,0,max,0,0,29766,1094,17289,False,39
2026-06-12T16:43:48-04:00,211,guaranteed-holder-3,Running,1032,7168,0,max,0,0,29766,1094,17289,False,39
2026-06-12T16:43:48-04:00,211,guaranteed-holder-4,Running,1032,7168,0,max,0,0,29766,1094,17289,False,39
2026-06-12T16:43:48-04:00,211,burstable-holder,Running,518,0,1024,3972841472,0,0,29766,1094,17289,False,39
2026-06-12T16:43:48-04:00,211,besteffort-holder,Running,518,0,0,29943558144,0,0,29766,1094,17289,False,39
2026-06-12T16:43:48-04:00,211,besteffort-aggressor,NotFound,0,0,0,n/a,0,0,29766,1094,17289,False,39
2026-06-12T16:43:50-04:00,213,guaranteed-holder-1,Running,1032,7168,0,max,0,0,29766,1094,17292,False,37
2026-06-12T16:43:50-04:00,213,guaranteed-holder-2,Running,1032,7168,0,max,0,0,29766,1094,17292,False,37
2026-06-12T16:43:50-04:00,213,guaranteed-holder-3,Running,1032,7168,0,max,0,0,29766,1094,17292,False,37
2026-06-12T16:43:50-04:00,213,guaranteed-holder-4,Running,1032,7168,0,max,0,0,29766,1094,17292,False,37
2026-06-12T16:43:50-04:00,213,burstable-holder,Running,518,0,1024,3972841472,0,0,29766,1094,17292,False,37
2026-06-12T16:43:50-04:00,213,besteffort-holder,Running,518,0,0,29943558144,0,0,29766,1094,17292,False,37
2026-06-12T16:43:50-04:00,213,besteffort-aggressor,NotFound,0,0,0,n/a,0,0,29766,1094,17292,False,37
2026-06-12T16:43:53-04:00,216,guaranteed-holder-1,Running,1032,7168,0,max,0,0,29766,1094,17285,False,34
2026-06-12T16:43:53-04:00,216,guaranteed-holder-2,Running,1032,7168,0,max,0,0,29766,1094,17285,False,34
2026-06-12T16:43:53-04:00,216,guaranteed-holder-3,Running,1032,7168,0,max,0,0,29766,1094,17285,False,34
2026-06-12T16:43:53-04:00,216,guaranteed-holder-4,Running,1032,7168,0,max,0,0,29766,1094,17285,False,34
2026-06-12T16:43:53-04:00,216,burstable-holder,Running,518,0,1024,3972841472,0,0,29766,1094,17285,False,34
2026-06-12T16:43:53-04:00,216,besteffort-holder,Running,518,0,0,29943558144,0,0,29766,1094,17285,False,34
2026-06-12T16:43:53-04:00,216,besteffort-aggressor,NotFound,0,0,0,n/a,0,0,29766,1094,17285,False,34
2026-06-12T16:43:55-04:00,218,guaranteed-holder-1,Running,1032,7168,0,max,0,0,29766,1094,17296,False,32
2026-06-12T16:43:55-04:00,218,guaranteed-holder-2,Running,1032,7168,0,max,0,0,29766,1094,17296,False,32
2026-06-12T16:43:55-04:00,218,guaranteed-holder-3,Running,1032,7168,0,max,0,0,29766,1094,17296,False,32
2026-06-12T16:43:55-04:00,218,guaranteed-holder-4,Running,1032,7168,0,max,0,0,29766,1094,17296,False,32
2026-06-12T16:43:55-04:00,218,burstable-holder,Running,518,0,1024,3972841472,0,0,29766,1094,17296,False,32
2026-06-12T16:43:55-04:00,218,besteffort-holder,Running,518,0,0,29943558144,0,0,29766,1094,17296,False,32
2026-06-12T16:43:55-04:00,218,besteffort-aggressor,NotFound,0,0,0,n/a,0,0,29766,1094,17296,False,32
2026-06-12T16:43:57-04:00,220,guaranteed-holder-1,Running,1032,7168,0,max,0,0,29766,1094,17282,False,44
2026-06-12T16:43:57-04:00,220,guaranteed-holder-2,Running,1032,7168,0,max,0,0,29766,1094,17282,False,44
2026-06-12T16:43:57-04:00,220,guaranteed-holder-3,Running,1032,7168,0,max,0,0,29766,1094,17282,False,44
2026-06-12T16:43:57-04:00,220,guaranteed-holder-4,Running,1032,7168,0,max,0,0,29766,1094,17282,False,44
2026-06-12T16:43:57-04:00,220,burstable-holder,Running,518,0,1024,3972841472,0,0,29766,1094,17282,False,44
2026-06-12T16:43:57-04:00,220,besteffort-holder,Running,518,0,0,29943558144,0,0,29766,1094,17282,False,44
2026-06-12T16:43:57-04:00,220,besteffort-aggressor,NotFound,0,0,0,n/a,0,0,29766,1094,17282,False,44
2026-06-12T16:44:00-04:00,223,guaranteed-holder-1,Running,1032,7168,0,max,0,0,29766,1094,17281,False,34
2026-06-12T16:44:00-04:00,223,guaranteed-holder-2,Running,1032,7168,0,max,0,0,29766,1094,17281,False,34
2026-06-12T16:44:00-04:00,223,guaranteed-holder-3,Running,1032,7168,0,max,0,0,29766,1094,17281,False,34
2026-06-12T16:44:00-04:00,223,guaranteed-holder-4,Running,1032,7168,0,max,0,0,29766,1094,17281,False,34
2026-06-12T16:44:00-04:00,223,burstable-holder,Running,518,0,1024,3972841472,0,0,29766,1094,17281,False,34
2026-06-12T16:44:00-04:00,223,besteffort-holder,Running,518,0,0,29943558144,0,0,29766,1094,17281,False,34
2026-06-12T16:44:00-04:00,223,besteffort-aggressor,NotFound,0,0,0,n/a,0,0,29766,1094,17281,False,34
2026-06-12T16:44:02-04:00,225,guaranteed-holder-1,Running,1032,7168,0,max,0,0,29766,1094,17285,False,34
2026-06-12T16:44:02-04:00,225,guaranteed-holder-2,Running,1032,7168,0,max,0,0,29766,1094,17285,False,34
2026-06-12T16:44:02-04:00,225,guaranteed-holder-3,Running,1032,7168,0,max,0,0,29766,1094,17285,False,34
2026-06-12T16:44:02-04:00,225,guaranteed-holder-4,Running,1032,7168,0,max,0,0,29766,1094,17285,False,34
2026-06-12T16:44:02-04:00,225,burstable-holder,Running,518,0,1024,3972841472,0,0,29766,1094,17285,False,34
2026-06-12T16:44:02-04:00,225,besteffort-holder,Running,518,0,0,29943558144,0,0,29766,1094,17285,False,34
2026-06-12T16:44:02-04:00,225,besteffort-aggressor,NotFound,0,0,0,n/a,0,0,29766,1094,17285,False,34
2026-06-12T16:44:04-04:00,227,guaranteed-holder-1,Running,1032,7168,0,max,0,0,29766,1094,17285,False,34
2026-06-12T16:44:04-04:00,227,guaranteed-holder-2,Running,1032,7168,0,max,0,0,29766,1094,17285,False,34
2026-06-12T16:44:04-04:00,227,guaranteed-holder-3,Running,1032,7168,0,max,0,0,29766,1094,17285,False,34
2026-06-12T16:44:04-04:00,227,guaranteed-holder-4,Running,1032,7168,0,max,0,0,29766,1094,17285,False,34
2026-06-12T16:44:04-04:00,227,burstable-holder,Running,518,0,1024,3972841472,0,0,29766,1094,17285,False,34
2026-06-12T16:44:04-04:00,227,besteffort-holder,Running,518,0,0,29943558144,0,0,29766,1094,17285,False,34
2026-06-12T16:44:04-04:00,227,besteffort-aggressor,NotFound,0,0,0,n/a,0,0,29766,1094,17285,False,34
2026-06-12T16:44:07-04:00,230,guaranteed-holder-1,Running,1032,7168,0,max,0,0,29766,1094,17290,False,35
2026-06-12T16:44:07-04:00,230,guaranteed-holder-2,Running,1032,7168,0,max,0,0,29766,1094,17290,False,35
2026-06-12T16:44:07-04:00,230,guaranteed-holder-3,Running,1032,7168,0,max,0,0,29766,1094,17290,False,35
2026-06-12T16:44:07-04:00,230,guaranteed-holder-4,Running,1032,7168,0,max,0,0,29766,1094,17290,False,35
2026-06-12T16:44:07-04:00,230,burstable-holder,Running,518,0,1024,3972841472,0,0,29766,1094,17290,False,35
2026-06-12T16:44:07-04:00,230,besteffort-holder,Running,518,0,0,29943558144,0,0,29766,1094,17290,False,35
2026-06-12T16:44:07-04:00,230,besteffort-aggressor,NotFound,0,0,0,n/a,0,0,29766,1094,17290,False,35
2026-06-12T16:44:09-04:00,232,guaranteed-holder-1,Running,1032,7168,0,max,0,0,29766,1094,17284,False,38
2026-06-12T16:44:09-04:00,232,guaranteed-holder-2,Running,1032,7168,0,max,0,0,29766,1094,17284,False,38
2026-06-12T16:44:09-04:00,232,guaranteed-holder-3,Running,1032,7168,0,max,0,0,29766,1094,17284,False,38
2026-06-12T16:44:09-04:00,232,guaranteed-holder-4,Running,1032,7168,0,max,0,0,29766,1094,17284,False,38
2026-06-12T16:44:09-04:00,232,burstable-holder,Running,518,0,1024,3972841472,0,0,29766,1094,17284,False,38
2026-06-12T16:44:09-04:00,232,besteffort-holder,Running,518,0,0,29943558144,0,0,29766,1094,17284,False,38
2026-06-12T16:44:09-04:00,232,besteffort-aggressor,NotFound,0,0,0,n/a,0,0,29766,1094,17284,False,38
2026-06-12T16:44:12-04:00,235,guaranteed-holder-1,Running,1032,7168,0,max,0,0,29766,1094,17281,False,36
2026-06-12T16:44:12-04:00,235,guaranteed-holder-2,Running,1032,7168,0,max,0,0,29766,1094,17281,False,36
2026-06-12T16:44:12-04:00,235,guaranteed-holder-3,Running,1032,7168,0,max,0,0,29766,1094,17281,False,36
2026-06-12T16:44:12-04:00,235,guaranteed-holder-4,Running,1032,7168,0,max,0,0,29766,1094,17281,False,36
2026-06-12T16:44:12-04:00,235,burstable-holder,Running,518,0,1024,3972841472,0,0,29766,1094,17281,False,36
2026-06-12T16:44:12-04:00,235,besteffort-holder,Running,518,0,0,29943558144,0,0,29766,1094,17281,False,36
2026-06-12T16:44:12-04:00,235,besteffort-aggressor,NotFound,0,0,0,n/a,0,0,29766,1094,17281,False,36
2026-06-12T16:44:14-04:00,237,guaranteed-holder-1,Running,1032,7168,0,max,0,0,29766,1094,17279,False,35
2026-06-12T16:44:14-04:00,237,guaranteed-holder-2,Running,1032,7168,0,max,0,0,29766,1094,17279,False,35
2026-06-12T16:44:14-04:00,237,guaranteed-holder-3,Running,1032,7168,0,max,0,0,29766,1094,17279,False,35
2026-06-12T16:44:14-04:00,237,guaranteed-holder-4,Running,1032,7168,0,max,0,0,29766,1094,17279,False,35
2026-06-12T16:44:14-04:00,237,burstable-holder,Running,518,0,1024,3972841472,0,0,29766,1094,17279,False,35
2026-06-12T16:44:14-04:00,237,besteffort-holder,Running,518,0,0,29943558144,0,0,29766,1094,17279,False,35
2026-06-12T16:44:14-04:00,237,besteffort-aggressor,NotFound,0,0,0,n/a,0,0,29766,1094,17279,False,35
2026-06-12T16:44:16-04:00,239,guaranteed-holder-1,Running,1032,7168,0,max,0,0,29766,1094,17278,False,36
2026-06-12T16:44:16-04:00,239,guaranteed-holder-2,Running,1032,7168,0,max,0,0,29766,1094,17278,False,36
2026-06-12T16:44:16-04:00,239,guaranteed-holder-3,Running,1032,7168,0,max,0,0,29766,1094,17278,False,36
2026-06-12T16:44:16-04:00,239,guaranteed-holder-4,Running,1032,7168,0,max,0,0,29766,1094,17278,False,36
2026-06-12T16:44:16-04:00,239,burstable-holder,Running,518,0,1024,3972841472,0,0,29766,1094,17278,False,36
2026-06-12T16:44:16-04:00,239,besteffort-holder,Running,518,0,0,29943558144,0,0,29766,1094,17278,False,36
2026-06-12T16:44:16-04:00,239,besteffort-aggressor,NotFound,0,0,0,n/a,0,0,29766,1094,17278,False,36
2026-06-12T16:44:19-04:00,242,guaranteed-holder-1,Running,1032,7168,0,max,0,0,29766,1094,17282,False,43
2026-06-12T16:44:19-04:00,242,guaranteed-holder-2,Running,1032,7168,0,max,0,0,29766,1094,17282,False,43
2026-06-12T16:44:19-04:00,242,guaranteed-holder-3,Running,1032,7168,0,max,0,0,29766,1094,17282,False,43
2026-06-12T16:44:19-04:00,242,guaranteed-holder-4,Running,1032,7168,0,max,0,0,29766,1094,17282,False,43
2026-06-12T16:44:19-04:00,242,burstable-holder,Running,518,0,1024,3972841472,0,0,29766,1094,17282,False,43
2026-06-12T16:44:19-04:00,242,besteffort-holder,Running,518,0,0,29943558144,0,0,29766,1094,17282,False,43
2026-06-12T16:44:19-04:00,242,besteffort-aggressor,NotFound,0,0,0,n/a,0,0,29766,1094,17282,False,43
2026-06-12T16:44:21-04:00,244,guaranteed-holder-1,Running,1032,7168,0,max,0,0,29766,1094,17284,False,34
2026-06-12T16:44:21-04:00,244,guaranteed-holder-2,Running,1032,7168,0,max,0,0,29766,1094,17284,False,34
2026-06-12T16:44:21-04:00,244,guaranteed-holder-3,Running,1032,7168,0,max,0,0,29766,1094,17284,False,34
2026-06-12T16:44:21-04:00,244,guaranteed-holder-4,Running,1032,7168,0,max,0,0,29766,1094,17284,False,34
2026-06-12T16:44:21-04:00,244,burstable-holder,Running,518,0,1024,3972841472,0,0,29766,1094,17284,False,34
2026-06-12T16:44:21-04:00,244,besteffort-holder,Running,518,0,0,29943558144,0,0,29766,1094,17284,False,34
2026-06-12T16:44:21-04:00,244,besteffort-aggressor,NotFound,0,0,0,n/a,0,0,29766,1094,17284,False,34
2026-06-12T16:44:24-04:00,247,guaranteed-holder-1,Running,1032,7168,0,max,0,0,29766,1094,17292,False,34
2026-06-12T16:44:24-04:00,247,guaranteed-holder-2,Running,1032,7168,0,max,0,0,29766,1094,17292,False,34
2026-06-12T16:44:24-04:00,247,guaranteed-holder-3,Running,1032,7168,0,max,0,0,29766,1094,17292,False,34
2026-06-12T16:44:24-04:00,247,guaranteed-holder-4,Running,1032,7168,0,max,0,0,29766,1094,17292,False,34
2026-06-12T16:44:24-04:00,247,burstable-holder,Running,518,0,1024,3972841472,0,0,29766,1094,17292,False,34
2026-06-12T16:44:24-04:00,247,besteffort-holder,Running,518,0,0,29943558144,0,0,29766,1094,17292,False,34
2026-06-12T16:44:24-04:00,247,besteffort-aggressor,NotFound,0,0,0,n/a,0,0,29766,1094,17292,False,34
2026-06-12T16:44:26-04:00,249,guaranteed-holder-1,Running,1032,7168,0,max,0,0,29766,1094,17281,False,42
2026-06-12T16:44:26-04:00,249,guaranteed-holder-2,Running,1032,7168,0,max,0,0,29766,1094,17281,False,42
2026-06-12T16:44:26-04:00,249,guaranteed-holder-3,Running,1032,7168,0,max,0,0,29766,1094,17281,False,42
2026-06-12T16:44:26-04:00,249,guaranteed-holder-4,Running,1032,7168,0,max,0,0,29766,1094,17281,False,42
2026-06-12T16:44:26-04:00,249,burstable-holder,Running,518,0,1024,3972841472,0,0,29766,1094,17281,False,42
2026-06-12T16:44:26-04:00,249,besteffort-holder,Running,518,0,0,29943558144,0,0,29766,1094,17281,False,42
2026-06-12T16:44:26-04:00,249,besteffort-aggressor,NotFound,0,0,0,n/a,0,0,29766,1094,17281,False,42
2026-06-12T16:44:28-04:00,251,guaranteed-holder-1,Running,1032,7168,0,max,0,0,29766,1094,17285,False,35
2026-06-12T16:44:28-04:00,251,guaranteed-holder-2,Running,1032,7168,0,max,0,0,29766,1094,17285,False,35
2026-06-12T16:44:28-04:00,251,guaranteed-holder-3,Running,1032,7168,0,max,0,0,29766,1094,17285,False,35
2026-06-12T16:44:28-04:00,251,guaranteed-holder-4,Running,1032,7168,0,max,0,0,29766,1094,17285,False,35
2026-06-12T16:44:28-04:00,251,burstable-holder,Running,518,0,1024,3972841472,0,0,29766,1094,17285,False,35
2026-06-12T16:44:28-04:00,251,besteffort-holder,Running,518,0,0,29943558144,0,0,29766,1094,17285,False,35
2026-06-12T16:44:28-04:00,251,besteffort-aggressor,NotFound,0,0,0,n/a,0,0,29766,1094,17285,False,35
2026-06-12T16:44:31-04:00,254,guaranteed-holder-1,Running,1032,7168,0,max,0,0,29766,1094,17280,False,39
2026-06-12T16:44:31-04:00,254,guaranteed-holder-2,Running,1032,7168,0,max,0,0,29766,1094,17280,False,39
2026-06-12T16:44:31-04:00,254,guaranteed-holder-3,Running,1032,7168,0,max,0,0,29766,1094,17280,False,39
2026-06-12T16:44:31-04:00,254,guaranteed-holder-4,Running,1032,7168,0,max,0,0,29766,1094,17280,False,39
2026-06-12T16:44:31-04:00,254,burstable-holder,Running,518,0,1024,3972841472,0,0,29766,1094,17280,False,39
2026-06-12T16:44:31-04:00,254,besteffort-holder,Running,518,0,0,29943558144,0,0,29766,1094,17280,False,39
2026-06-12T16:44:31-04:00,254,besteffort-aggressor,NotFound,0,0,0,n/a,0,0,29766,1094,17280,False,39
2026-06-12T16:44:33-04:00,256,guaranteed-holder-1,Running,1032,7168,0,max,0,0,29766,1094,17277,False,44
2026-06-12T16:44:33-04:00,256,guaranteed-holder-2,Running,1032,7168,0,max,0,0,29766,1094,17277,False,44
2026-06-12T16:44:33-04:00,256,guaranteed-holder-3,Running,1032,7168,0,max,0,0,29766,1094,17277,False,44
2026-06-12T16:44:33-04:00,256,guaranteed-holder-4,Running,1032,7168,0,max,0,0,29766,1094,17277,False,44
2026-06-12T16:44:33-04:00,256,burstable-holder,Running,518,0,1024,3972841472,0,0,29766,1094,17277,False,44
2026-06-12T16:44:33-04:00,256,besteffort-holder,Running,518,0,0,29943558144,0,0,29766,1094,17277,False,44
2026-06-12T16:44:33-04:00,256,besteffort-aggressor,NotFound,0,0,0,n/a,0,0,29766,1094,17277,False,44
2026-06-12T16:44:36-04:00,259,guaranteed-holder-1,Running,1032,7168,0,max,0,0,29766,1094,17279,False,33
2026-06-12T16:44:36-04:00,259,guaranteed-holder-2,Running,1032,7168,0,max,0,0,29766,1094,17279,False,33
2026-06-12T16:44:36-04:00,259,guaranteed-holder-3,Running,1032,7168,0,max,0,0,29766,1094,17279,False,33
2026-06-12T16:44:36-04:00,259,guaranteed-holder-4,Running,1032,7168,0,max,0,0,29766,1094,17279,False,33
2026-06-12T16:44:36-04:00,259,burstable-holder,Running,518,0,1024,3972841472,0,0,29766,1094,17279,False,33
2026-06-12T16:44:36-04:00,259,besteffort-holder,Running,518,0,0,29943558144,0,0,29766,1094,17279,False,33
2026-06-12T16:44:36-04:00,259,besteffort-aggressor,NotFound,0,0,0,n/a,0,0,29766,1094,17279,False,33
2026-06-12T16:44:38-04:00,261,guaranteed-holder-1,Running,1032,7168,0,max,0,0,29766,1094,17271,False,39
2026-06-12T16:44:38-04:00,261,guaranteed-holder-2,Running,1032,7168,0,max,0,0,29766,1094,17271,False,39
2026-06-12T16:44:38-04:00,261,guaranteed-holder-3,Running,1032,7168,0,max,0,0,29766,1094,17271,False,39
2026-06-12T16:44:38-04:00,261,guaranteed-holder-4,Running,1032,7168,0,max,0,0,29766,1094,17271,False,39
2026-06-12T16:44:38-04:00,261,burstable-holder,Running,518,0,1024,3972841472,0,0,29766,1094,17271,False,39
2026-06-12T16:44:38-04:00,261,besteffort-holder,Running,518,0,0,29943558144,0,0,29766,1094,17271,False,39
2026-06-12T16:44:38-04:00,261,besteffort-aggressor,NotFound,0,0,0,n/a,0,0,29766,1094,17271,False,39
2026-06-12T16:44:40-04:00,263,guaranteed-holder-1,Running,1032,7168,0,max,0,0,29766,1094,17279,False,33
2026-06-12T16:44:40-04:00,263,guaranteed-holder-2,Running,1032,7168,0,max,0,0,29766,1094,17279,False,33
2026-06-12T16:44:40-04:00,263,guaranteed-holder-3,Running,1032,7168,0,max,0,0,29766,1094,17279,False,33
2026-06-12T16:44:40-04:00,263,guaranteed-holder-4,Running,1032,7168,0,max,0,0,29766,1094,17279,False,33
2026-06-12T16:44:40-04:00,263,burstable-holder,Running,518,0,1024,3972841472,0,0,29766,1094,17279,False,33
2026-06-12T16:44:40-04:00,263,besteffort-holder,Running,518,0,0,29943558144,0,0,29766,1094,17279,False,33
2026-06-12T16:44:40-04:00,263,besteffort-aggressor,NotFound,0,0,0,n/a,0,0,29766,1094,17279,False,33
2026-06-12T16:44:43-04:00,266,guaranteed-holder-1,Running,1032,7168,0,max,0,0,29766,1094,17275,False,35
2026-06-12T16:44:43-04:00,266,guaranteed-holder-2,Running,1032,7168,0,max,0,0,29766,1094,17275,False,35
2026-06-12T16:44:43-04:00,266,guaranteed-holder-3,Running,1032,7168,0,max,0,0,29766,1094,17275,False,35
2026-06-12T16:44:43-04:00,266,guaranteed-holder-4,Running,1032,7168,0,max,0,0,29766,1094,17275,False,35
2026-06-12T16:44:43-04:00,266,burstable-holder,Running,518,0,1024,3972841472,0,0,29766,1094,17275,False,35
2026-06-12T16:44:43-04:00,266,besteffort-holder,Running,518,0,0,29943558144,0,0,29766,1094,17275,False,35
2026-06-12T16:44:43-04:00,266,besteffort-aggressor,NotFound,0,0,0,n/a,0,0,29766,1094,17275,False,35
2026-06-12T16:44:45-04:00,268,guaranteed-holder-1,Running,1032,7168,0,max,0,0,29766,1094,17282,False,36
2026-06-12T16:44:45-04:00,268,guaranteed-holder-2,Running,1032,7168,0,max,0,0,29766,1094,17282,False,36
2026-06-12T16:44:45-04:00,268,guaranteed-holder-3,Running,1032,7168,0,max,0,0,29766,1094,17282,False,36
2026-06-12T16:44:45-04:00,268,guaranteed-holder-4,Running,1032,7168,0,max,0,0,29766,1094,17282,False,36
2026-06-12T16:44:45-04:00,268,burstable-holder,Running,518,0,1024,3972841472,0,0,29766,1094,17282,False,36
2026-06-12T16:44:45-04:00,268,besteffort-holder,Running,518,0,0,29943558144,0,0,29766,1094,17282,False,36
2026-06-12T16:44:45-04:00,268,besteffort-aggressor,NotFound,0,0,0,n/a,0,0,29766,1094,17282,False,36
2026-06-12T16:44:47-04:00,270,guaranteed-holder-1,Running,1032,7168,0,max,0,0,29766,1094,17278,False,38
2026-06-12T16:44:47-04:00,270,guaranteed-holder-2,Running,1032,7168,0,max,0,0,29766,1094,17278,False,38
2026-06-12T16:44:47-04:00,270,guaranteed-holder-3,Running,1032,7168,0,max,0,0,29766,1094,17278,False,38
2026-06-12T16:44:47-04:00,270,guaranteed-holder-4,Running,1032,7168,0,max,0,0,29766,1094,17278,False,38
2026-06-12T16:44:47-04:00,270,burstable-holder,Running,518,0,1024,3972841472,0,0,29766,1094,17278,False,38
2026-06-12T16:44:47-04:00,270,besteffort-holder,Running,518,0,0,29943558144,0,0,29766,1094,17278,False,38
2026-06-12T16:44:47-04:00,270,besteffort-aggressor,NotFound,0,0,0,n/a,0,0,29766,1094,17278,False,38
2026-06-12T16:44:50-04:00,273,guaranteed-holder-1,Running,1032,7168,0,max,0,0,29766,1094,17269,False,33
2026-06-12T16:44:50-04:00,273,guaranteed-holder-2,Running,1032,7168,0,max,0,0,29766,1094,17269,False,33
2026-06-12T16:44:50-04:00,273,guaranteed-holder-3,Running,1032,7168,0,max,0,0,29766,1094,17269,False,33
2026-06-12T16:44:50-04:00,273,guaranteed-holder-4,Running,1032,7168,0,max,0,0,29766,1094,17269,False,33
2026-06-12T16:44:50-04:00,273,burstable-holder,Running,518,0,1024,3972841472,0,0,29766,1094,17269,False,33
2026-06-12T16:44:50-04:00,273,besteffort-holder,Running,518,0,0,29943558144,0,0,29766,1094,17269,False,33
2026-06-12T16:44:50-04:00,273,besteffort-aggressor,NotFound,0,0,0,n/a,0,0,29766,1094,17269,False,33
2026-06-12T16:44:52-04:00,275,guaranteed-holder-1,Running,1032,7168,0,max,0,0,29766,1094,17267,False,32
2026-06-12T16:44:52-04:00,275,guaranteed-holder-2,Running,1032,7168,0,max,0,0,29766,1094,17267,False,32
2026-06-12T16:44:52-04:00,275,guaranteed-holder-3,Running,1032,7168,0,max,0,0,29766,1094,17267,False,32
2026-06-12T16:44:52-04:00,275,guaranteed-holder-4,Running,1032,7168,0,max,0,0,29766,1094,17267,False,32
2026-06-12T16:44:52-04:00,275,burstable-holder,Running,518,0,1024,3972841472,0,0,29766,1094,17267,False,32
2026-06-12T16:44:52-04:00,275,besteffort-holder,Running,518,0,0,29943558144,0,0,29766,1094,17267,False,32
2026-06-12T16:44:52-04:00,275,besteffort-aggressor,NotFound,0,0,0,n/a,0,0,29766,1094,17267,False,32
2026-06-12T16:44:55-04:00,278,guaranteed-holder-1,Running,1032,7168,0,max,0,0,29766,1094,17224,False,36
2026-06-12T16:44:55-04:00,278,guaranteed-holder-2,Running,1032,7168,0,max,0,0,29766,1094,17224,False,36
2026-06-12T16:44:55-04:00,278,guaranteed-holder-3,Running,1032,7168,0,max,0,0,29766,1094,17224,False,36
2026-06-12T16:44:55-04:00,278,guaranteed-holder-4,Running,1032,7168,0,max,0,0,29766,1094,17224,False,36
2026-06-12T16:44:55-04:00,278,burstable-holder,Running,518,0,1024,3972841472,0,0,29766,1094,17224,False,36
2026-06-12T16:44:55-04:00,278,besteffort-holder,Running,518,0,0,29943558144,0,0,29766,1094,17224,False,36
2026-06-12T16:44:55-04:00,278,besteffort-aggressor,NotFound,0,0,0,n/a,0,0,29766,1094,17224,False,36
2026-06-12T16:44:57-04:00,280,guaranteed-holder-1,Running,1032,7168,0,max,0,0,29766,1094,17220,False,43
2026-06-12T16:44:57-04:00,280,guaranteed-holder-2,Running,1032,7168,0,max,0,0,29766,1094,17220,False,43
2026-06-12T16:44:57-04:00,280,guaranteed-holder-3,Running,1032,7168,0,max,0,0,29766,1094,17220,False,43
2026-06-12T16:44:57-04:00,280,guaranteed-holder-4,Running,1032,7168,0,max,0,0,29766,1094,17220,False,43
2026-06-12T16:44:57-04:00,280,burstable-holder,Running,518,0,1024,3972841472,0,0,29766,1094,17220,False,43
2026-06-12T16:44:57-04:00,280,besteffort-holder,Running,518,0,0,29943558144,0,0,29766,1094,17220,False,43
2026-06-12T16:44:57-04:00,280,besteffort-aggressor,NotFound,0,0,0,n/a,0,0,29766,1094,17220,False,43
2026-06-12T16:44:59-04:00,282,guaranteed-holder-1,Running,1032,7168,0,max,0,0,29766,1094,17248,False,35
2026-06-12T16:44:59-04:00,282,guaranteed-holder-2,Running,1032,7168,0,max,0,0,29766,1094,17248,False,35
2026-06-12T16:44:59-04:00,282,guaranteed-holder-3,Running,1032,7168,0,max,0,0,29766,1094,17248,False,35
2026-06-12T16:44:59-04:00,282,guaranteed-holder-4,Running,1032,7168,0,max,0,0,29766,1094,17248,False,35
2026-06-12T16:44:59-04:00,282,burstable-holder,Running,518,0,1024,3972841472,0,0,29766,1094,17248,False,35
2026-06-12T16:44:59-04:00,282,besteffort-holder,Running,518,0,0,29943558144,0,0,29766,1094,17248,False,35
2026-06-12T16:44:59-04:00,282,besteffort-aggressor,NotFound,0,0,0,n/a,0,0,29766,1094,17248,False,35
2026-06-12T16:45:02-04:00,285,guaranteed-holder-1,Running,1032,7168,0,max,0,0,29766,1094,17262,False,34
2026-06-12T16:45:02-04:00,285,guaranteed-holder-2,Running,1032,7168,0,max,0,0,29766,1094,17262,False,34
2026-06-12T16:45:02-04:00,285,guaranteed-holder-3,Running,1032,7168,0,max,0,0,29766,1094,17262,False,34
2026-06-12T16:45:02-04:00,285,guaranteed-holder-4,Running,1032,7168,0,max,0,0,29766,1094,17262,False,34
2026-06-12T16:45:02-04:00,285,burstable-holder,Running,518,0,1024,3972841472,0,0,29766,1094,17262,False,34
2026-06-12T16:45:02-04:00,285,besteffort-holder,Running,518,0,0,29943558144,0,0,29766,1094,17262,False,34
2026-06-12T16:45:02-04:00,285,besteffort-aggressor,NotFound,0,0,0,n/a,0,0,29766,1094,17262,False,34
2026-06-12T16:45:04-04:00,287,guaranteed-holder-1,Running,1032,7168,0,max,0,0,29766,1094,17256,False,39
2026-06-12T16:45:04-04:00,287,guaranteed-holder-2,Running,1032,7168,0,max,0,0,29766,1094,17256,False,39
2026-06-12T16:45:04-04:00,287,guaranteed-holder-3,Running,1032,7168,0,max,0,0,29766,1094,17256,False,39
2026-06-12T16:45:04-04:00,287,guaranteed-holder-4,Running,1032,7168,0,max,0,0,29766,1094,17256,False,39
2026-06-12T16:45:04-04:00,287,burstable-holder,Running,518,0,1024,3972841472,0,0,29766,1094,17256,False,39
2026-06-12T16:45:04-04:00,287,besteffort-holder,Running,518,0,0,29943558144,0,0,29766,1094,17256,False,39
2026-06-12T16:45:04-04:00,287,besteffort-aggressor,NotFound,0,0,0,n/a,0,0,29766,1094,17256,False,39
2026-06-12T16:45:07-04:00,290,guaranteed-holder-1,Running,1032,7168,0,max,0,0,29766,1094,17254,False,32
2026-06-12T16:45:07-04:00,290,guaranteed-holder-2,Running,1032,7168,0,max,0,0,29766,1094,17254,False,32
2026-06-12T16:45:07-04:00,290,guaranteed-holder-3,Running,1032,7168,0,max,0,0,29766,1094,17254,False,32
2026-06-12T16:45:07-04:00,290,guaranteed-holder-4,Running,1032,7168,0,max,0,0,29766,1094,17254,False,32
2026-06-12T16:45:07-04:00,290,burstable-holder,Running,518,0,1024,3972841472,0,0,29766,1094,17254,False,32
2026-06-12T16:45:07-04:00,290,besteffort-holder,Running,518,0,0,29943558144,0,0,29766,1094,17254,False,32
2026-06-12T16:45:07-04:00,290,besteffort-aggressor,NotFound,0,0,0,n/a,0,0,29766,1094,17254,False,32
2026-06-12T16:45:09-04:00,292,guaranteed-holder-1,Running,1032,7168,0,max,0,0,29766,1094,17267,False,36
2026-06-12T16:45:09-04:00,292,guaranteed-holder-2,Running,1032,7168,0,max,0,0,29766,1094,17267,False,36
2026-06-12T16:45:09-04:00,292,guaranteed-holder-3,Running,1032,7168,0,max,0,0,29766,1094,17267,False,36
2026-06-12T16:45:09-04:00,292,guaranteed-holder-4,Running,1032,7168,0,max,0,0,29766,1094,17267,False,36
2026-06-12T16:45:09-04:00,292,burstable-holder,Running,518,0,1024,3972841472,0,0,29766,1094,17267,False,36
2026-06-12T16:45:09-04:00,292,besteffort-holder,Running,518,0,0,29943558144,0,0,29766,1094,17267,False,36
2026-06-12T16:45:09-04:00,292,besteffort-aggressor,NotFound,0,0,0,n/a,0,0,29766,1094,17267,False,36
2026-06-12T16:45:11-04:00,294,guaranteed-holder-1,Running,1032,7168,0,max,0,0,29766,1094,17276,False,33
2026-06-12T16:45:11-04:00,294,guaranteed-holder-2,Running,1032,7168,0,max,0,0,29766,1094,17276,False,33
2026-06-12T16:45:11-04:00,294,guaranteed-holder-3,Running,1032,7168,0,max,0,0,29766,1094,17276,False,33
2026-06-12T16:45:11-04:00,294,guaranteed-holder-4,Running,1032,7168,0,max,0,0,29766,1094,17276,False,33
2026-06-12T16:45:11-04:00,294,burstable-holder,Running,518,0,1024,3972841472,0,0,29766,1094,17276,False,33
2026-06-12T16:45:11-04:00,294,besteffort-holder,Running,518,0,0,29943558144,0,0,29766,1094,17276,False,33
2026-06-12T16:45:11-04:00,294,besteffort-aggressor,NotFound,0,0,0,n/a,0,0,29766,1094,17276,False,33
2026-06-12T16:45:14-04:00,297,guaranteed-holder-1,Running,1032,7168,0,max,0,0,29766,1094,17265,False,41
2026-06-12T16:45:14-04:00,297,guaranteed-holder-2,Running,1032,7168,0,max,0,0,29766,1094,17265,False,41
2026-06-12T16:45:14-04:00,297,guaranteed-holder-3,Running,1032,7168,0,max,0,0,29766,1094,17265,False,41
2026-06-12T16:45:14-04:00,297,guaranteed-holder-4,Running,1032,7168,0,max,0,0,29766,1094,17265,False,41
2026-06-12T16:45:14-04:00,297,burstable-holder,Running,518,0,1024,3972841472,0,0,29766,1094,17265,False,41
2026-06-12T16:45:14-04:00,297,besteffort-holder,Running,518,0,0,29943558144,0,0,29766,1094,17265,False,41
2026-06-12T16:45:14-04:00,297,besteffort-aggressor,NotFound,0,0,0,n/a,0,0,29766,1094,17265,False,41
2026-06-12T16:45:16-04:00,299,guaranteed-holder-1,Running,1032,7168,0,max,0,0,29766,1094,17286,False,44
2026-06-12T16:45:16-04:00,299,guaranteed-holder-2,Running,1032,7168,0,max,0,0,29766,1094,17286,False,44
2026-06-12T16:45:16-04:00,299,guaranteed-holder-3,Running,1032,7168,0,max,0,0,29766,1094,17286,False,44
2026-06-12T16:45:16-04:00,299,guaranteed-holder-4,Running,1032,7168,0,max,0,0,29766,1094,17286,False,44
2026-06-12T16:45:16-04:00,299,burstable-holder,Running,518,0,1024,3972841472,0,0,29766,1094,17286,False,44
2026-06-12T16:45:16-04:00,299,besteffort-holder,Running,518,0,0,29943558144,0,0,29766,1094,17286,False,44
2026-06-12T16:45:16-04:00,299,besteffort-aggressor,NotFound,0,0,0,n/a,0,0,29766,1094,17286,False,44
