timestamp,pod,status,memory_current_mi,memory_events_high,memory_events_oom_kill
2026-06-07T23:12:19-04:00,guaranteed-holder,Running,106,0,0
2026-06-07T23:12:19-04:00,burstable-holder,Running,104,0,0
2026-06-07T23:12:19-04:00,besteffort-holder,Running,205,0,0
2026-06-07T23:12:19-04:00,aggressor,Running,104,0,0
2026-06-07T23:12:21-04:00,guaranteed-holder,Running,106,0,0
2026-06-07T23:12:21-04:00,burstable-holder,Running,104,0,0
2026-06-07T23:12:21-04:00,besteffort-holder,Running,205,0,0
2026-06-07T23:12:21-04:00,aggressor,Running,305,0,0
2026-06-07T23:12:23-04:00,guaranteed-holder,Running,106,0,0
2026-06-07T23:12:23-04:00,burstable-holder,Running,104,0,0
2026-06-07T23:12:23-04:00,besteffort-holder,Running,205,0,0
2026-06-07T23:12:23-04:00,aggressor,Running,506,0,0
2026-06-07T23:12:26-04:00,guaranteed-holder,Running,106,0,0
2026-06-07T23:12:26-04:00,burstable-holder,Running,104,0,0
2026-06-07T23:12:26-04:00,besteffort-holder,Running,205,0,0
2026-06-07T23:12:26-04:00,aggressor,Running,707,0,0
2026-06-07T23:12:28-04:00,guaranteed-holder,Running,106,0,0
2026-06-07T23:12:28-04:00,burstable-holder,Running,104,0,0
2026-06-07T23:12:28-04:00,besteffort-holder,Running,205,0,0
2026-06-07T23:12:28-04:00,aggressor,Running,908,0,0
2026-06-07T23:12:30-04:00,guaranteed-holder,Running,106,0,0
2026-06-07T23:12:30-04:00,burstable-holder,Running,104,0,0
2026-06-07T23:12:30-04:00,besteffort-holder,Running,205,0,0
2026-06-07T23:12:30-04:00,aggressor,Running,1159,0,0
2026-06-07T23:12:32-04:00,guaranteed-holder,Running,106,0,0
2026-06-07T23:12:32-04:00,burstable-holder,Running,104,0,0
2026-06-07T23:12:32-04:00,besteffort-holder,Running,205,0,0
2026-06-07T23:12:32-04:00,aggressor,Running,1359,0,0
2026-06-07T23:12:35-04:00,guaranteed-holder,Running,106,0,0
2026-06-07T23:12:35-04:00,burstable-holder,Running,104,0,0
2026-06-07T23:12:35-04:00,besteffort-holder,Running,205,0,0
2026-06-07T23:12:35-04:00,aggressor,Running,1560,0,0
2026-06-07T23:12:37-04:00,guaranteed-holder,Running,106,0,0
2026-06-07T23:12:37-04:00,burstable-holder,Running,104,0,0
2026-06-07T23:12:37-04:00,besteffort-holder,Running,205,0,0
2026-06-07T23:12:37-04:00,aggressor,Running,1761,0,0
2026-06-07T23:12:39-04:00,guaranteed-holder,Running,106,0,0
2026-06-07T23:12:39-04:00,burstable-holder,Running,104,0,0
2026-06-07T23:12:39-04:00,besteffort-holder,Running,205,0,0
2026-06-07T23:12:39-04:00,aggressor,Running,1962,0,0
2026-06-07T23:12:41-04:00,guaranteed-holder,Running,106,0,0
2026-06-07T23:12:41-04:00,burstable-holder,Running,104,0,0
2026-06-07T23:12:41-04:00,besteffort-holder,Running,205,0,0
2026-06-07T23:12:41-04:00,aggressor,Running,2175,0,0
2026-06-07T23:12:44-04:00,guaranteed-holder,Running,106,0,0
2026-06-07T23:12:44-04:00,burstable-holder,Running,104,0,0
2026-06-07T23:12:44-04:00,besteffort-holder,Running,205,0,0
2026-06-07T23:12:44-04:00,aggressor,Running,2414,0,0
2026-06-07T23:12:46-04:00,guaranteed-holder,Running,106,0,0
2026-06-07T23:12:46-04:00,burstable-holder,Running,104,0,0
2026-06-07T23:12:46-04:00,besteffort-holder,Running,205,0,0
2026-06-07T23:12:46-04:00,aggressor,Running,2615,0,0
2026-06-07T23:12:48-04:00,guaranteed-holder,Running,106,0,0
2026-06-07T23:12:48-04:00,burstable-holder,Running,104,0,0
2026-06-07T23:12:48-04:00,besteffort-holder,Running,205,0,0
2026-06-07T23:12:48-04:00,aggressor,Running,2816,0,0
2026-06-07T23:12:51-04:00,guaranteed-holder,Running,106,0,0
2026-06-07T23:12:51-04:00,burstable-holder,Running,104,0,0
2026-06-07T23:12:51-04:00,besteffort-holder,Running,205,0,0
2026-06-07T23:12:51-04:00,aggressor,Running,3017,0,0
2026-06-07T23:12:53-04:00,guaranteed-holder,Running,106,0,0
2026-06-07T23:12:53-04:00,burstable-holder,Running,104,0,0
2026-06-07T23:12:53-04:00,besteffort-holder,Running,205,0,0
2026-06-07T23:12:53-04:00,aggressor,Running,3217,0,0
2026-06-07T23:12:55-04:00,guaranteed-holder,Running,106,0,0
2026-06-07T23:12:55-04:00,burstable-holder,Running,104,0,0
2026-06-07T23:12:55-04:00,besteffort-holder,Running,205,0,0
2026-06-07T23:12:55-04:00,aggressor,Running,3434,0,0
2026-06-07T23:12:57-04:00,guaranteed-holder,Running,106,0,0
2026-06-07T23:12:57-04:00,burstable-holder,Running,104,0,0
2026-06-07T23:12:57-04:00,besteffort-holder,Running,205,0,0
2026-06-07T23:12:57-04:00,aggressor,Running,3669,0,0
2026-06-07T23:13:00-04:00,guaranteed-holder,Running,106,0,0
2026-06-07T23:13:00-04:00,burstable-holder,Running,104,0,0
2026-06-07T23:13:00-04:00,besteffort-holder,Running,205,0,0
2026-06-07T23:13:00-04:00,aggressor,Running,3871,0,0
2026-06-07T23:13:02-04:00,guaranteed-holder,Running,106,0,0
2026-06-07T23:13:02-04:00,burstable-holder,Running,104,0,0
2026-06-07T23:13:02-04:00,besteffort-holder,Running,205,0,0
2026-06-07T23:13:02-04:00,aggressor,Running,4071,0,0
2026-06-07T23:13:04-04:00,guaranteed-holder,Running,106,0,0
2026-06-07T23:13:04-04:00,burstable-holder,Running,104,0,0
2026-06-07T23:13:04-04:00,besteffort-holder,Running,205,0,0
2026-06-07T23:13:04-04:00,aggressor,Running,4272,0,0
2026-06-07T23:13:07-04:00,guaranteed-holder,Running,106,0,0
2026-06-07T23:13:07-04:00,burstable-holder,Running,104,0,0
2026-06-07T23:13:07-04:00,besteffort-holder,Running,205,0,0
2026-06-07T23:13:07-04:00,aggressor,Running,4473,0,0
2026-06-07T23:13:09-04:00,guaranteed-holder,Running,106,0,0
2026-06-07T23:13:09-04:00,burstable-holder,Running,104,0,0
2026-06-07T23:13:09-04:00,besteffort-holder,Running,205,0,0
2026-06-07T23:13:09-04:00,aggressor,Running,4717,0,0
2026-06-07T23:13:11-04:00,guaranteed-holder,Running,106,0,0
2026-06-07T23:13:11-04:00,burstable-holder,Running,104,0,0
2026-06-07T23:13:11-04:00,besteffort-holder,Running,205,0,0
2026-06-07T23:13:11-04:00,aggressor,Running,4925,0,0
2026-06-07T23:13:13-04:00,guaranteed-holder,Running,106,0,0
2026-06-07T23:13:13-04:00,burstable-holder,Running,104,0,0
2026-06-07T23:13:13-04:00,besteffort-holder,Running,205,0,0
2026-06-07T23:13:13-04:00,aggressor,Running,5126,0,0
2026-06-07T23:13:16-04:00,guaranteed-holder,Running,106,0,0
2026-06-07T23:13:16-04:00,burstable-holder,Running,104,0,0
2026-06-07T23:13:16-04:00,besteffort-holder,Running,205,0,0
2026-06-07T23:13:16-04:00,aggressor,Running,5326,0,0
2026-06-07T23:13:18-04:00,guaranteed-holder,Running,106,0,0
2026-06-07T23:13:18-04:00,burstable-holder,Running,104,0,0
2026-06-07T23:13:18-04:00,besteffort-holder,Running,205,0,0
2026-06-07T23:13:18-04:00,aggressor,Running,5527,0,0
2026-06-07T23:13:20-04:00,guaranteed-holder,Running,106,0,0
2026-06-07T23:13:20-04:00,burstable-holder,Running,104,0,0
2026-06-07T23:13:20-04:00,besteffort-holder,Running,205,0,0
2026-06-07T23:13:20-04:00,aggressor,Running,5728,0,0
2026-06-07T23:13:23-04:00,guaranteed-holder,Running,106,0,0
2026-06-07T23:13:23-04:00,burstable-holder,Running,104,0,0
2026-06-07T23:13:23-04:00,besteffort-holder,Running,205,0,0
2026-06-07T23:13:23-04:00,aggressor,Running,5979,0,0
2026-06-07T23:13:25-04:00,guaranteed-holder,Running,106,0,0
2026-06-07T23:13:25-04:00,burstable-holder,Running,104,0,0
2026-06-07T23:13:25-04:00,besteffort-holder,Running,205,0,0
2026-06-07T23:13:25-04:00,aggressor,Running,6180,0,0
2026-06-07T23:13:27-04:00,guaranteed-holder,Running,106,0,0
2026-06-07T23:13:27-04:00,burstable-holder,Running,104,0,0
2026-06-07T23:13:27-04:00,besteffort-holder,Running,205,0,0
2026-06-07T23:13:27-04:00,aggressor,Running,6381,0,0
2026-06-07T23:13:29-04:00,guaranteed-holder,Running,106,0,0
2026-06-07T23:13:29-04:00,burstable-holder,Running,104,0,0
2026-06-07T23:13:29-04:00,besteffort-holder,Running,205,0,0
2026-06-07T23:13:29-04:00,aggressor,Running,6582,0,0
2026-06-07T23:13:32-04:00,guaranteed-holder,Running,106,0,0
2026-06-07T23:13:32-04:00,burstable-holder,Running,104,0,0
2026-06-07T23:13:32-04:00,besteffort-holder,Running,205,0,0
2026-06-07T23:13:32-04:00,aggressor,Running,6783,0,0
2026-06-07T23:13:34-04:00,guaranteed-holder,Running,106,0,0
2026-06-07T23:13:34-04:00,burstable-holder,Running,104,0,0
2026-06-07T23:13:34-04:00,besteffort-holder,Running,205,0,0
2026-06-07T23:13:34-04:00,aggressor,Running,6984,0,0
2026-06-07T23:13:36-04:00,guaranteed-holder,Running,106,0,0
2026-06-07T23:13:36-04:00,burstable-holder,Running,104,0,0
2026-06-07T23:13:36-04:00,besteffort-holder,Running,205,0,0
2026-06-07T23:13:36-04:00,aggressor,Running,7235,0,0
2026-06-07T23:13:38-04:00,guaranteed-holder,Running,106,0,0
2026-06-07T23:13:38-04:00,burstable-holder,Running,104,0,0
2026-06-07T23:13:38-04:00,besteffort-holder,Running,205,0,0
2026-06-07T23:13:38-04:00,aggressor,Running,7436,0,0
2026-06-07T23:13:41-04:00,guaranteed-holder,Running,106,0,0
2026-06-07T23:13:41-04:00,burstable-holder,Running,104,0,0
2026-06-07T23:13:41-04:00,besteffort-holder,Running,205,0,0
2026-06-07T23:13:41-04:00,aggressor,Running,7636,0,0
2026-06-07T23:13:43-04:00,guaranteed-holder,Running,106,0,0
2026-06-07T23:13:43-04:00,burstable-holder,Running,104,0,0
2026-06-07T23:13:43-04:00,besteffort-holder,Running,205,0,0
2026-06-07T23:13:43-04:00,aggressor,Running,7837,0,0
2026-06-07T23:13:45-04:00,guaranteed-holder,Running,106,0,0
2026-06-07T23:13:45-04:00,burstable-holder,Running,104,0,0
2026-06-07T23:13:45-04:00,besteffort-holder,Running,205,0,0
2026-06-07T23:13:45-04:00,aggressor,Running,8038,0,0
2026-06-07T23:13:48-04:00,guaranteed-holder,Running,106,0,0
2026-06-07T23:13:48-04:00,burstable-holder,Running,104,0,0
2026-06-07T23:13:48-04:00,besteffort-holder,Running,205,0,0
2026-06-07T23:13:48-04:00,aggressor,Running,8239,0,0
2026-06-07T23:13:50-04:00,guaranteed-holder,Running,106,0,0
2026-06-07T23:13:50-04:00,burstable-holder,Running,104,0,0
2026-06-07T23:13:50-04:00,besteffort-holder,Running,205,0,0
2026-06-07T23:13:50-04:00,aggressor,Running,8490,0,0
2026-06-07T23:13:52-04:00,guaranteed-holder,Running,106,0,0
2026-06-07T23:13:52-04:00,burstable-holder,Running,104,0,0
2026-06-07T23:13:52-04:00,besteffort-holder,Running,205,0,0
2026-06-07T23:13:52-04:00,aggressor,Running,8691,0,0
2026-06-07T23:13:54-04:00,guaranteed-holder,Running,106,0,0
2026-06-07T23:13:54-04:00,burstable-holder,Running,104,0,0
2026-06-07T23:13:54-04:00,besteffort-holder,Running,205,0,0
2026-06-07T23:13:54-04:00,aggressor,Running,8892,0,0
2026-06-07T23:13:57-04:00,guaranteed-holder,Running,106,0,0
2026-06-07T23:13:57-04:00,burstable-holder,Running,104,0,0
2026-06-07T23:13:57-04:00,besteffort-holder,Running,205,0,0
2026-06-07T23:13:57-04:00,aggressor,Running,9093,0,0
2026-06-07T23:13:59-04:00,guaranteed-holder,Running,106,0,0
2026-06-07T23:13:59-04:00,burstable-holder,Running,104,0,0
2026-06-07T23:13:59-04:00,besteffort-holder,Running,205,0,0
2026-06-07T23:13:59-04:00,aggressor,Running,9294,0,0
2026-06-07T23:14:01-04:00,guaranteed-holder,Running,106,0,0
2026-06-07T23:14:01-04:00,burstable-holder,Running,104,0,0
2026-06-07T23:14:01-04:00,besteffort-holder,Running,205,0,0
2026-06-07T23:14:01-04:00,aggressor,Running,9494,0,0
2026-06-07T23:14:03-04:00,guaranteed-holder,Running,106,0,0
2026-06-07T23:14:03-04:00,burstable-holder,Running,104,0,0
2026-06-07T23:14:03-04:00,besteffort-holder,Running,205,0,0
2026-06-07T23:14:03-04:00,aggressor,Running,9732,0,0
2026-06-07T23:14:06-04:00,guaranteed-holder,Running,106,0,0
2026-06-07T23:14:06-04:00,burstable-holder,Running,104,0,0
2026-06-07T23:14:06-04:00,besteffort-holder,Running,205,0,0
2026-06-07T23:14:06-04:00,aggressor,Running,9946,0,0
2026-06-07T23:14:08-04:00,guaranteed-holder,Running,106,0,0
2026-06-07T23:14:08-04:00,burstable-holder,Running,104,0,0
2026-06-07T23:14:08-04:00,besteffort-holder,Running,205,0,0
2026-06-07T23:14:08-04:00,aggressor,Running,10147,0,0
2026-06-07T23:14:10-04:00,guaranteed-holder,Running,106,0,0
2026-06-07T23:14:10-04:00,burstable-holder,Running,104,0,0
2026-06-07T23:14:10-04:00,besteffort-holder,Running,205,0,0
2026-06-07T23:14:10-04:00,aggressor,Running,10348,0,0
2026-06-07T23:14:12-04:00,guaranteed-holder,Running,106,0,0
2026-06-07T23:14:12-04:00,burstable-holder,Running,104,0,0
2026-06-07T23:14:12-04:00,besteffort-holder,Running,205,0,0
2026-06-07T23:14:12-04:00,aggressor,Running,10549,0,0
2026-06-07T23:14:15-04:00,guaranteed-holder,Running,106,0,0
2026-06-07T23:14:15-04:00,burstable-holder,Running,104,0,0
2026-06-07T23:14:15-04:00,besteffort-holder,Running,205,0,0
2026-06-07T23:14:15-04:00,aggressor,Running,10750,0,0
2026-06-07T23:14:17-04:00,guaranteed-holder,Running,106,0,0
2026-06-07T23:14:17-04:00,burstable-holder,Running,104,0,0
2026-06-07T23:14:17-04:00,besteffort-holder,Running,205,0,0
2026-06-07T23:14:17-04:00,aggressor,Running,10951,0,0
2026-06-07T23:14:19-04:00,guaranteed-holder,Running,106,0,0
2026-06-07T23:14:19-04:00,burstable-holder,Running,104,0,0
2026-06-07T23:14:19-04:00,besteffort-holder,Running,205,0,0
2026-06-07T23:14:19-04:00,aggressor,Running,11180,0,0
2026-06-07T23:14:22-04:00,guaranteed-holder,Running,106,0,0
2026-06-07T23:14:22-04:00,burstable-holder,Running,104,0,0
2026-06-07T23:14:22-04:00,besteffort-holder,Running,205,0,0
2026-06-07T23:14:22-04:00,aggressor,Running,11404,0,0
2026-06-07T23:14:24-04:00,guaranteed-holder,Running,106,0,0
2026-06-07T23:14:24-04:00,burstable-holder,Running,104,0,0
2026-06-07T23:14:24-04:00,besteffort-holder,Running,205,0,0
2026-06-07T23:14:24-04:00,aggressor,Running,11604,0,0
2026-06-07T23:14:26-04:00,guaranteed-holder,Running,106,0,0
2026-06-07T23:14:26-04:00,burstable-holder,Running,104,0,0
2026-06-07T23:14:26-04:00,besteffort-holder,Running,205,0,0
2026-06-07T23:14:26-04:00,aggressor,Running,11805,0,0
2026-06-07T23:14:28-04:00,guaranteed-holder,Running,106,0,0
2026-06-07T23:14:28-04:00,burstable-holder,Running,104,0,0
2026-06-07T23:14:28-04:00,besteffort-holder,Running,205,0,0
2026-06-07T23:14:28-04:00,aggressor,Running,12006,0,0
2026-06-07T23:14:31-04:00,guaranteed-holder,Running,106,0,0
2026-06-07T23:14:31-04:00,burstable-holder,Running,104,0,0
2026-06-07T23:14:31-04:00,besteffort-holder,Running,205,0,0
2026-06-07T23:14:31-04:00,aggressor,Running,12207,0,0
2026-06-07T23:14:33-04:00,guaranteed-holder,Running,106,0,0
2026-06-07T23:14:33-04:00,burstable-holder,Running,104,0,0
2026-06-07T23:14:33-04:00,besteffort-holder,Running,205,0,0
2026-06-07T23:14:33-04:00,aggressor,Running,12459,0,0
2026-06-07T23:14:35-04:00,guaranteed-holder,Running,106,0,0
2026-06-07T23:14:35-04:00,burstable-holder,Running,104,0,0
2026-06-07T23:14:35-04:00,besteffort-holder,Running,205,0,0
2026-06-07T23:14:35-04:00,aggressor,Running,12660,0,0
2026-06-07T23:14:38-04:00,guaranteed-holder,Running,106,0,0
2026-06-07T23:14:38-04:00,burstable-holder,Running,104,0,0
2026-06-07T23:14:38-04:00,besteffort-holder,Running,205,0,0
2026-06-07T23:14:38-04:00,aggressor,Running,12860,0,0
2026-06-07T23:14:40-04:00,guaranteed-holder,Running,106,0,0
2026-06-07T23:14:40-04:00,burstable-holder,Running,104,0,0
2026-06-07T23:14:40-04:00,besteffort-holder,Running,205,0,0
2026-06-07T23:14:40-04:00,aggressor,Running,13084,3058,0
2026-06-07T23:14:42-04:00,guaranteed-holder,Running,106,0,0
2026-06-07T23:14:42-04:00,burstable-holder,Running,104,0,0
2026-06-07T23:14:42-04:00,besteffort-holder,Running,205,0,0
2026-06-07T23:14:42-04:00,aggressor,Running,13061,7760,0
2026-06-07T23:14:45-04:00,guaranteed-holder,Running,106,0,0
2026-06-07T23:14:45-04:00,burstable-holder,Running,104,0,0
2026-06-07T23:14:45-04:00,besteffort-holder,Running,205,0,0
2026-06-07T23:14:45-04:00,aggressor,Running,13086,11697,0
2026-06-07T23:14:47-04:00,guaranteed-holder,Running,106,0,0
2026-06-07T23:14:47-04:00,burstable-holder,Running,104,0,0
2026-06-07T23:14:47-04:00,besteffort-holder,Running,205,0,0
2026-06-07T23:14:47-04:00,aggressor,Running,13095,16202,0
2026-06-07T23:14:49-04:00,guaranteed-holder,Running,106,0,0
2026-06-07T23:14:49-04:00,burstable-holder,Running,104,0,0
2026-06-07T23:14:49-04:00,besteffort-holder,Running,205,0,0
2026-06-07T23:14:49-04:00,aggressor,Running,13102,20330,0
2026-06-07T23:14:51-04:00,guaranteed-holder,Running,106,0,0
2026-06-07T23:14:51-04:00,burstable-holder,Running,104,0,0
2026-06-07T23:14:51-04:00,besteffort-holder,Running,205,0,0
2026-06-07T23:14:51-04:00,aggressor,Running,13107,24186,0
2026-06-07T23:14:54-04:00,guaranteed-holder,Running,106,0,0
2026-06-07T23:14:54-04:00,burstable-holder,Running,104,0,0
2026-06-07T23:14:54-04:00,besteffort-holder,Running,205,0,0
2026-06-07T23:14:54-04:00,aggressor,Running,13125,28180,0
2026-06-07T23:14:56-04:00,guaranteed-holder,Running,106,0,0
2026-06-07T23:14:56-04:00,burstable-holder,Running,104,0,0
2026-06-07T23:14:56-04:00,besteffort-holder,Running,205,0,0
2026-06-07T23:14:56-04:00,aggressor,Running,13148,31788,0
2026-06-07T23:14:58-04:00,guaranteed-holder,Running,106,0,0
2026-06-07T23:14:58-04:00,burstable-holder,Running,104,0,0
2026-06-07T23:14:58-04:00,besteffort-holder,Running,205,0,0
2026-06-07T23:14:58-04:00,aggressor,Running,13161,34724,0
2026-06-07T23:15:01-04:00,guaranteed-holder,Running,106,0,0
2026-06-07T23:15:01-04:00,burstable-holder,Running,104,0,0
2026-06-07T23:15:01-04:00,besteffort-holder,Running,205,0,0
2026-06-07T23:15:01-04:00,aggressor,Running,13111,36990,0
2026-06-07T23:15:03-04:00,guaranteed-holder,Running,106,0,0
2026-06-07T23:15:03-04:00,burstable-holder,Running,108,0,0
2026-06-07T23:15:03-04:00,besteffort-holder,Running,205,0,0
2026-06-07T23:15:03-04:00,aggressor,Running,13115,39624,0
2026-06-07T23:15:05-04:00,guaranteed-holder,Running,106,0,0
2026-06-07T23:15:05-04:00,burstable-holder,Running,108,0,0
2026-06-07T23:15:05-04:00,besteffort-holder,Running,205,0,0
2026-06-07T23:15:05-04:00,aggressor,Running,13139,43636,0
2026-06-07T23:15:07-04:00,guaranteed-holder,Running,106,0,0
2026-06-07T23:15:07-04:00,burstable-holder,Running,108,0,0
2026-06-07T23:15:07-04:00,besteffort-holder,Running,205,0,0
2026-06-07T23:15:07-04:00,aggressor,Running,13157,46934,0
2026-06-07T23:15:10-04:00,guaranteed-holder,Running,106,0,0
2026-06-07T23:15:10-04:00,burstable-holder,Running,108,0,0
2026-06-07T23:15:10-04:00,besteffort-holder,Running,205,0,0
2026-06-07T23:15:10-04:00,aggressor,Running,13174,49938,0
2026-06-07T23:15:12-04:00,guaranteed-holder,Running,106,0,0
2026-06-07T23:15:12-04:00,burstable-holder,Running,108,0,0
2026-06-07T23:15:12-04:00,besteffort-holder,Running,205,0,0
2026-06-07T23:15:12-04:00,aggressor,Running,13188,52590,0
2026-06-07T23:15:14-04:00,guaranteed-holder,Running,106,0,0
2026-06-07T23:15:14-04:00,burstable-holder,Running,107,0,0
2026-06-07T23:15:14-04:00,besteffort-holder,Running,205,0,0
2026-06-07T23:15:14-04:00,aggressor,Running,13202,55038,0
2026-06-07T23:15:17-04:00,guaranteed-holder,Running,106,0,0
2026-06-07T23:15:17-04:00,burstable-holder,Running,107,0,0
2026-06-07T23:15:17-04:00,besteffort-holder,Running,205,0,0
2026-06-07T23:15:17-04:00,aggressor,Running,13161,57306,0
2026-06-07T23:15:19-04:00,guaranteed-holder,Running,106,0,0
2026-06-07T23:15:19-04:00,burstable-holder,Running,105,0,0
2026-06-07T23:15:19-04:00,besteffort-holder,Running,205,0,0
2026-06-07T23:15:19-04:00,aggressor,Running,13160,59768,0
2026-06-07T23:15:21-04:00,guaranteed-holder,Running,106,0,0
2026-06-07T23:15:21-04:00,burstable-holder,Running,105,0,0
2026-06-07T23:15:21-04:00,besteffort-holder,Running,205,0,0
2026-06-07T23:15:21-04:00,aggressor,Running,13161,61658,0
2026-06-07T23:15:24-04:00,guaranteed-holder,Running,106,0,0
2026-06-07T23:15:24-04:00,burstable-holder,Running,105,0,0
2026-06-07T23:15:24-04:00,besteffort-holder,Running,205,0,0
2026-06-07T23:15:24-04:00,aggressor,Running,13161,63776,0
2026-06-07T23:15:26-04:00,guaranteed-holder,Running,106,0,0
2026-06-07T23:15:26-04:00,burstable-holder,Running,105,0,0
2026-06-07T23:15:26-04:00,besteffort-holder,Running,205,0,0
2026-06-07T23:15:26-04:00,aggressor,Running,13160,65698,0
2026-06-07T23:15:28-04:00,guaranteed-holder,Running,106,0,0
2026-06-07T23:15:28-04:00,burstable-holder,Running,104,0,0
2026-06-07T23:15:28-04:00,besteffort-holder,Running,205,0,0
2026-06-07T23:15:28-04:00,aggressor,Running,13161,67814,0
2026-06-07T23:15:31-04:00,guaranteed-holder,Running,106,0,0
2026-06-07T23:15:31-04:00,burstable-holder,Running,104,0,0
2026-06-07T23:15:31-04:00,besteffort-holder,Running,205,0,0
2026-06-07T23:15:31-04:00,aggressor,Running,13161,69634,0
2026-06-07T23:15:33-04:00,guaranteed-holder,Running,106,0,0
2026-06-07T23:15:33-04:00,burstable-holder,Running,104,0,0
2026-06-07T23:15:33-04:00,besteffort-holder,Running,205,0,0
2026-06-07T23:15:33-04:00,aggressor,Running,13162,71366,0
2026-06-07T23:15:35-04:00,guaranteed-holder,Running,106,0,0
2026-06-07T23:15:35-04:00,burstable-holder,Running,104,0,0
2026-06-07T23:15:35-04:00,besteffort-holder,Running,205,0,0
2026-06-07T23:15:35-04:00,aggressor,Running,13161,73062,0
2026-06-07T23:15:37-04:00,guaranteed-holder,Running,106,0,0
2026-06-07T23:15:37-04:00,burstable-holder,Running,104,0,0
2026-06-07T23:15:37-04:00,besteffort-holder,Running,205,0,0
2026-06-07T23:15:37-04:00,aggressor,Running,13160,74940,0
2026-06-07T23:15:40-04:00,guaranteed-holder,Running,106,0,0
2026-06-07T23:15:40-04:00,burstable-holder,Running,104,0,0
2026-06-07T23:15:40-04:00,besteffort-holder,Running,205,0,0
2026-06-07T23:15:40-04:00,aggressor,Running,13160,76894,0
2026-06-07T23:15:42-04:00,guaranteed-holder,Running,106,0,0
2026-06-07T23:15:42-04:00,burstable-holder,Running,104,0,0
2026-06-07T23:15:42-04:00,besteffort-holder,Running,205,0,0
2026-06-07T23:15:42-04:00,aggressor,Running,13161,78838,0
2026-06-07T23:15:44-04:00,guaranteed-holder,Running,106,0,0
2026-06-07T23:15:44-04:00,burstable-holder,Running,104,0,0
2026-06-07T23:15:44-04:00,besteffort-holder,Running,205,0,0
2026-06-07T23:15:44-04:00,aggressor,Running,13162,80550,0
2026-06-07T23:15:47-04:00,guaranteed-holder,Running,106,0,0
2026-06-07T23:15:47-04:00,burstable-holder,Running,104,0,0
2026-06-07T23:15:47-04:00,besteffort-holder,Running,205,0,0
2026-06-07T23:15:47-04:00,aggressor,Running,13161,82251,0
2026-06-07T23:15:49-04:00,guaranteed-holder,Running,106,0,0
2026-06-07T23:15:49-04:00,burstable-holder,Running,104,0,0
2026-06-07T23:15:49-04:00,besteffort-holder,Running,205,0,0
2026-06-07T23:15:49-04:00,aggressor,Running,13161,84006,0
2026-06-07T23:15:51-04:00,guaranteed-holder,Running,106,0,0
2026-06-07T23:15:51-04:00,burstable-holder,Running,104,0,0
2026-06-07T23:15:51-04:00,besteffort-holder,Running,205,0,0
2026-06-07T23:15:51-04:00,aggressor,Running,13160,85666,0
2026-06-07T23:15:53-04:00,guaranteed-holder,Running,106,0,0
2026-06-07T23:15:53-04:00,burstable-holder,Running,104,0,0
2026-06-07T23:15:53-04:00,besteffort-holder,Running,205,0,0
2026-06-07T23:15:53-04:00,aggressor,Running,13162,87454,0
2026-06-07T23:15:56-04:00,guaranteed-holder,Running,106,0,0
2026-06-07T23:15:56-04:00,burstable-holder,Running,104,0,0
2026-06-07T23:15:56-04:00,besteffort-holder,Running,205,0,0
2026-06-07T23:15:56-04:00,aggressor,Running,13162,89120,0
2026-06-07T23:15:58-04:00,guaranteed-holder,Running,106,0,0
2026-06-07T23:15:58-04:00,burstable-holder,Running,104,0,0
2026-06-07T23:15:58-04:00,besteffort-holder,Running,205,0,0
2026-06-07T23:15:58-04:00,aggressor,Running,13160,90834,0
2026-06-07T23:16:00-04:00,guaranteed-holder,Running,106,0,0
2026-06-07T23:16:00-04:00,burstable-holder,Running,104,0,0
2026-06-07T23:16:00-04:00,besteffort-holder,Running,205,0,0
2026-06-07T23:16:00-04:00,aggressor,Running,13161,92524,0
2026-06-07T23:16:03-04:00,guaranteed-holder,Running,106,0,0
2026-06-07T23:16:03-04:00,burstable-holder,Running,108,0,0
2026-06-07T23:16:03-04:00,besteffort-holder,Running,205,0,0
2026-06-07T23:16:03-04:00,aggressor,Running,13161,94006,0
2026-06-07T23:16:05-04:00,guaranteed-holder,Running,106,0,0
2026-06-07T23:16:05-04:00,burstable-holder,Running,108,0,0
2026-06-07T23:16:05-04:00,besteffort-holder,Running,205,0,0
2026-06-07T23:16:05-04:00,aggressor,Running,13175,96964,0
2026-06-07T23:16:07-04:00,guaranteed-holder,Running,106,0,0
2026-06-07T23:16:07-04:00,burstable-holder,Running,107,0,0
2026-06-07T23:16:07-04:00,besteffort-holder,Running,205,0,0
2026-06-07T23:16:07-04:00,aggressor,Running,13189,99582,0
2026-06-07T23:16:10-04:00,guaranteed-holder,Running,106,0,0
2026-06-07T23:16:10-04:00,burstable-holder,Running,107,0,0
2026-06-07T23:16:10-04:00,besteffort-holder,Running,205,0,0
2026-06-07T23:16:10-04:00,aggressor,Running,13203,101996,0
2026-06-07T23:16:12-04:00,guaranteed-holder,Running,106,0,0
2026-06-07T23:16:12-04:00,burstable-holder,Running,107,0,0
2026-06-07T23:16:12-04:00,besteffort-holder,Running,205,0,0
2026-06-07T23:16:12-04:00,aggressor,Running,13214,104234,0
2026-06-07T23:16:14-04:00,guaranteed-holder,Running,106,0,0
2026-06-07T23:16:14-04:00,burstable-holder,Running,107,0,0
2026-06-07T23:16:14-04:00,besteffort-holder,Running,205,0,0
2026-06-07T23:16:14-04:00,aggressor,Running,13223,106374,0
2026-06-07T23:16:16-04:00,guaranteed-holder,Running,106,0,0
2026-06-07T23:16:16-04:00,burstable-holder,Running,106,0,0
2026-06-07T23:16:16-04:00,besteffort-holder,Running,205,0,0
2026-06-07T23:16:16-04:00,aggressor,Running,13233,108384,0
2026-06-07T23:16:19-04:00,guaranteed-holder,Running,106,0,0
2026-06-07T23:16:19-04:00,burstable-holder,Running,106,0,0
2026-06-07T23:16:19-04:00,besteffort-holder,Running,205,0,0
2026-06-07T23:16:19-04:00,aggressor,Running,13240,110324,0
2026-06-07T23:16:21-04:00,guaranteed-holder,Running,106,0,0
2026-06-07T23:16:21-04:00,burstable-holder,Running,106,0,0
2026-06-07T23:16:21-04:00,besteffort-holder,Running,205,0,0
2026-06-07T23:16:21-04:00,aggressor,Running,13248,112144,0
2026-06-07T23:16:23-04:00,guaranteed-holder,Running,106,0,0
2026-06-07T23:16:23-04:00,burstable-holder,Running,105,0,0
2026-06-07T23:16:23-04:00,besteffort-holder,Running,205,0,0
2026-06-07T23:16:23-04:00,aggressor,Running,13256,113892,0
2026-06-07T23:16:26-04:00,guaranteed-holder,Running,106,0,0
2026-06-07T23:16:26-04:00,burstable-holder,Running,105,0,0
2026-06-07T23:16:26-04:00,besteffort-holder,Running,205,0,0
2026-06-07T23:16:26-04:00,aggressor,Running,13211,115426,0
2026-06-07T23:16:28-04:00,guaranteed-holder,Running,106,0,0
2026-06-07T23:16:28-04:00,burstable-holder,Running,105,0,0
2026-06-07T23:16:28-04:00,besteffort-holder,Running,205,0,0
2026-06-07T23:16:28-04:00,aggressor,Running,13211,117264,0
2026-06-07T23:16:30-04:00,guaranteed-holder,Running,106,0,0
2026-06-07T23:16:30-04:00,burstable-holder,Running,105,0,0
2026-06-07T23:16:30-04:00,besteffort-holder,Running,205,0,0
2026-06-07T23:16:30-04:00,aggressor,Running,13211,119122,0
2026-06-07T23:16:32-04:00,guaranteed-holder,Running,106,0,0
2026-06-07T23:16:32-04:00,burstable-holder,Running,105,0,0
2026-06-07T23:16:32-04:00,besteffort-holder,Running,205,0,0
2026-06-07T23:16:32-04:00,aggressor,Running,13211,120546,0
2026-06-07T23:16:35-04:00,guaranteed-holder,Running,106,0,0
2026-06-07T23:16:35-04:00,burstable-holder,Running,105,0,0
2026-06-07T23:16:35-04:00,besteffort-holder,Running,205,0,0
2026-06-07T23:16:35-04:00,aggressor,Running,13211,121838,0
2026-06-07T23:16:37-04:00,guaranteed-holder,Running,106,0,0
2026-06-07T23:16:37-04:00,burstable-holder,Running,105,0,0
2026-06-07T23:16:37-04:00,besteffort-holder,Running,205,0,0
2026-06-07T23:16:37-04:00,aggressor,Running,13213,123518,0
2026-06-07T23:16:39-04:00,guaranteed-holder,Running,106,0,0
2026-06-07T23:16:39-04:00,burstable-holder,Running,105,0,0
2026-06-07T23:16:39-04:00,besteffort-holder,Running,205,0,0
2026-06-07T23:16:39-04:00,aggressor,Running,13215,125156,0
2026-06-07T23:16:42-04:00,guaranteed-holder,Running,106,0,0
2026-06-07T23:16:42-04:00,burstable-holder,Running,105,0,0
2026-06-07T23:16:42-04:00,besteffort-holder,Running,205,0,0
2026-06-07T23:16:42-04:00,aggressor,Running,13217,126888,0
2026-06-07T23:16:44-04:00,guaranteed-holder,Running,106,0,0
2026-06-07T23:16:44-04:00,burstable-holder,Running,105,0,0
2026-06-07T23:16:44-04:00,besteffort-holder,Running,205,0,0
2026-06-07T23:16:44-04:00,aggressor,Running,13218,128598,0
2026-06-07T23:16:46-04:00,guaranteed-holder,Running,106,0,0
2026-06-07T23:16:46-04:00,burstable-holder,Running,105,0,0
2026-06-07T23:16:46-04:00,besteffort-holder,Running,205,0,0
2026-06-07T23:16:46-04:00,aggressor,Running,13221,130328,0
2026-06-07T23:16:49-04:00,guaranteed-holder,Running,106,0,0
2026-06-07T23:16:49-04:00,burstable-holder,Running,105,0,0
2026-06-07T23:16:49-04:00,besteffort-holder,Running,205,0,0
2026-06-07T23:16:49-04:00,aggressor,Running,13223,131960,0
2026-06-07T23:16:51-04:00,guaranteed-holder,Running,106,0,0
2026-06-07T23:16:51-04:00,burstable-holder,Running,105,0,0
2026-06-07T23:16:51-04:00,besteffort-holder,Running,205,0,0
2026-06-07T23:16:51-04:00,aggressor,Running,13223,133575,0
2026-06-07T23:16:53-04:00,guaranteed-holder,Running,106,0,0
2026-06-07T23:16:53-04:00,burstable-holder,Running,105,0,0
2026-06-07T23:16:53-04:00,besteffort-holder,Running,205,0,0
2026-06-07T23:16:53-04:00,aggressor,Running,13224,135164,0
2026-06-07T23:16:55-04:00,guaranteed-holder,Running,106,0,0
2026-06-07T23:16:55-04:00,burstable-holder,Running,105,0,0
2026-06-07T23:16:55-04:00,besteffort-holder,Running,205,0,0
2026-06-07T23:16:55-04:00,aggressor,Running,13227,136750,0
2026-06-07T23:16:58-04:00,guaranteed-holder,Running,106,0,0
2026-06-07T23:16:58-04:00,burstable-holder,Running,105,0,0
2026-06-07T23:16:58-04:00,besteffort-holder,Running,205,0,0
2026-06-07T23:16:58-04:00,aggressor,Running,13227,138310,0
2026-06-07T23:17:00-04:00,guaranteed-holder,Running,106,0,0
2026-06-07T23:17:00-04:00,burstable-holder,Running,105,0,0
2026-06-07T23:17:00-04:00,besteffort-holder,Running,205,0,0
2026-06-07T23:17:00-04:00,aggressor,Running,13228,139908,0
2026-06-07T23:17:02-04:00,guaranteed-holder,Running,106,0,0
2026-06-07T23:17:02-04:00,burstable-holder,Running,105,0,0
2026-06-07T23:17:02-04:00,besteffort-holder,Running,205,0,0
2026-06-07T23:17:02-04:00,aggressor,Running,13231,141298,0
2026-06-07T23:17:04-04:00,guaranteed-holder,Running,106,0,0
2026-06-07T23:17:04-04:00,burstable-holder,Running,105,0,0
2026-06-07T23:17:04-04:00,besteffort-holder,Running,205,0,0
2026-06-07T23:17:04-04:00,aggressor,Running,13233,142672,0
2026-06-07T23:17:07-04:00,guaranteed-holder,Running,106,0,0
2026-06-07T23:17:07-04:00,burstable-holder,Running,105,0,0
2026-06-07T23:17:07-04:00,besteffort-holder,Running,205,0,0
2026-06-07T23:17:07-04:00,aggressor,Running,13238,144104,0
2026-06-07T23:17:09-04:00,guaranteed-holder,Running,106,0,0
2026-06-07T23:17:09-04:00,burstable-holder,Running,105,0,0
2026-06-07T23:17:09-04:00,besteffort-holder,Running,205,0,0
2026-06-07T23:17:09-04:00,aggressor,Running,13240,145502,0
2026-06-07T23:17:11-04:00,guaranteed-holder,Running,106,0,0
2026-06-07T23:17:11-04:00,burstable-holder,Running,105,0,0
2026-06-07T23:17:11-04:00,besteffort-holder,Running,205,0,0
2026-06-07T23:17:11-04:00,aggressor,Running,13241,146804,0
2026-06-07T23:17:13-04:00,guaranteed-holder,Running,106,0,0
2026-06-07T23:17:13-04:00,burstable-holder,Running,105,0,0
2026-06-07T23:17:13-04:00,besteffort-holder,Running,205,0,0
2026-06-07T23:17:13-04:00,aggressor,Running,13245,148268,0
2026-06-07T23:17:16-04:00,guaranteed-holder,Running,106,0,0
2026-06-07T23:17:16-04:00,burstable-holder,Running,105,0,0
2026-06-07T23:17:16-04:00,besteffort-holder,Running,205,0,0
2026-06-07T23:17:16-04:00,aggressor,Running,13246,149496,0
2026-06-07T23:17:18-04:00,guaranteed-holder,Running,106,0,0
2026-06-07T23:17:18-04:00,burstable-holder,Running,105,0,0
2026-06-07T23:17:18-04:00,besteffort-holder,Running,205,0,0
2026-06-07T23:17:18-04:00,aggressor,Running,13248,150834,0
2026-06-07T23:17:20-04:00,guaranteed-holder,Running,106,0,0
2026-06-07T23:17:20-04:00,burstable-holder,Running,104,0,0
2026-06-07T23:17:20-04:00,besteffort-holder,Running,205,0,0
2026-06-07T23:17:20-04:00,aggressor,Running,13250,152090,0
2026-06-07T23:17:23-04:00,guaranteed-holder,Running,106,0,0
2026-06-07T23:17:23-04:00,burstable-holder,Running,104,0,0
2026-06-07T23:17:23-04:00,besteffort-holder,Running,205,0,0
2026-06-07T23:17:23-04:00,aggressor,Running,13250,153262,0
2026-06-07T23:17:25-04:00,guaranteed-holder,Running,106,0,0
2026-06-07T23:17:25-04:00,burstable-holder,Running,104,0,0
2026-06-07T23:17:25-04:00,besteffort-holder,Running,205,0,0
2026-06-07T23:17:25-04:00,aggressor,Running,13251,154572,0
2026-06-07T23:17:27-04:00,guaranteed-holder,Running,106,0,0
2026-06-07T23:17:27-04:00,burstable-holder,Running,104,0,0
2026-06-07T23:17:27-04:00,besteffort-holder,Running,205,0,0
2026-06-07T23:17:27-04:00,aggressor,Running,13251,155736,0
2026-06-07T23:17:30-04:00,guaranteed-holder,Running,106,0,0
2026-06-07T23:17:30-04:00,burstable-holder,Running,104,0,0
2026-06-07T23:17:30-04:00,besteffort-holder,Running,205,0,0
2026-06-07T23:17:30-04:00,aggressor,Running,13251,156912,0
2026-06-07T23:17:32-04:00,guaranteed-holder,Running,106,0,0
2026-06-07T23:17:32-04:00,burstable-holder,Running,104,0,0
2026-06-07T23:17:32-04:00,besteffort-holder,Running,205,0,0
2026-06-07T23:17:32-04:00,aggressor,Running,13252,158110,0
2026-06-07T23:17:34-04:00,guaranteed-holder,Running,106,0,0
2026-06-07T23:17:34-04:00,burstable-holder,Running,104,0,0
2026-06-07T23:17:34-04:00,besteffort-holder,Running,205,0,0
2026-06-07T23:17:34-04:00,aggressor,Running,13252,159304,0
2026-06-07T23:17:36-04:00,guaranteed-holder,Running,106,0,0
2026-06-07T23:17:36-04:00,burstable-holder,Running,104,0,0
2026-06-07T23:17:36-04:00,besteffort-holder,Running,205,0,0
2026-06-07T23:17:36-04:00,aggressor,Running,13253,160454,0
2026-06-07T23:17:39-04:00,guaranteed-holder,Running,106,0,0
2026-06-07T23:17:39-04:00,burstable-holder,Running,104,0,0
2026-06-07T23:17:39-04:00,besteffort-holder,Running,205,0,0
2026-06-07T23:17:39-04:00,aggressor,Running,13254,161772,0
2026-06-07T23:17:41-04:00,guaranteed-holder,Running,106,0,0
2026-06-07T23:17:41-04:00,burstable-holder,Running,104,0,0
2026-06-07T23:17:41-04:00,besteffort-holder,Running,205,0,0
2026-06-07T23:17:41-04:00,aggressor,Running,13254,162964,0
2026-06-07T23:17:43-04:00,guaranteed-holder,Running,106,0,0
2026-06-07T23:17:43-04:00,burstable-holder,Running,104,0,0
2026-06-07T23:17:43-04:00,besteffort-holder,Running,205,0,0
2026-06-07T23:17:43-04:00,aggressor,Running,13255,164152,0
2026-06-07T23:17:46-04:00,guaranteed-holder,Running,106,0,0
2026-06-07T23:17:46-04:00,burstable-holder,Running,104,0,0
2026-06-07T23:17:46-04:00,besteffort-holder,Running,205,0,0
2026-06-07T23:17:46-04:00,aggressor,Running,13255,165262,0
2026-06-07T23:17:48-04:00,guaranteed-holder,Running,106,0,0
2026-06-07T23:17:48-04:00,burstable-holder,Running,104,0,0
2026-06-07T23:17:48-04:00,besteffort-holder,Running,205,0,0
2026-06-07T23:17:48-04:00,aggressor,Running,13256,166450,0
2026-06-07T23:17:50-04:00,guaranteed-holder,Running,106,0,0
2026-06-07T23:17:50-04:00,burstable-holder,Running,104,0,0
2026-06-07T23:17:50-04:00,besteffort-holder,Running,205,0,0
2026-06-07T23:17:50-04:00,aggressor,Running,13258,167710,0
2026-06-07T23:17:52-04:00,guaranteed-holder,Running,106,0,0
2026-06-07T23:17:52-04:00,burstable-holder,Running,104,0,0
2026-06-07T23:17:52-04:00,besteffort-holder,Running,205,0,0
2026-06-07T23:17:52-04:00,aggressor,Running,13259,168898,0
2026-06-07T23:17:55-04:00,guaranteed-holder,Running,106,0,0
2026-06-07T23:17:55-04:00,burstable-holder,Running,104,0,0
2026-06-07T23:17:55-04:00,besteffort-holder,Running,205,0,0
2026-06-07T23:17:55-04:00,aggressor,Running,13260,170078,0
2026-06-07T23:17:57-04:00,guaranteed-holder,Running,106,0,0
2026-06-07T23:17:57-04:00,burstable-holder,Running,104,0,0
2026-06-07T23:17:57-04:00,besteffort-holder,Running,205,0,0
2026-06-07T23:17:57-04:00,aggressor,Running,13260,171274,0
2026-06-07T23:17:59-04:00,guaranteed-holder,Running,106,0,0
2026-06-07T23:17:59-04:00,burstable-holder,Running,104,0,0
2026-06-07T23:17:59-04:00,besteffort-holder,Running,205,0,0
2026-06-07T23:17:59-04:00,aggressor,Running,13260,172380,0
2026-06-07T23:18:01-04:00,guaranteed-holder,Running,106,0,0
2026-06-07T23:18:01-04:00,burstable-holder,Running,104,0,0
2026-06-07T23:18:01-04:00,besteffort-holder,Running,205,0,0
2026-06-07T23:18:01-04:00,aggressor,Running,13261,173544,0
2026-06-07T23:18:04-04:00,guaranteed-holder,Running,106,0,0
2026-06-07T23:18:04-04:00,burstable-holder,Running,104,0,0
2026-06-07T23:18:04-04:00,besteffort-holder,Running,205,0,0
2026-06-07T23:18:04-04:00,aggressor,Running,13260,174996,0
2026-06-07T23:18:06-04:00,guaranteed-holder,Running,106,0,0
2026-06-07T23:18:06-04:00,burstable-holder,Running,104,0,0
2026-06-07T23:18:06-04:00,besteffort-holder,Running,205,0,0
2026-06-07T23:18:06-04:00,aggressor,Running,13260,176688,0
2026-06-07T23:18:08-04:00,guaranteed-holder,Running,106,0,0
2026-06-07T23:18:08-04:00,burstable-holder,Running,104,0,0
2026-06-07T23:18:08-04:00,besteffort-holder,Running,205,0,0
2026-06-07T23:18:08-04:00,aggressor,Running,13260,178418,0
2026-06-07T23:18:11-04:00,guaranteed-holder,Running,106,0,0
2026-06-07T23:18:11-04:00,burstable-holder,Running,104,0,0
2026-06-07T23:18:11-04:00,besteffort-holder,Running,205,0,0
2026-06-07T23:18:11-04:00,aggressor,Running,13260,180110,0
2026-06-07T23:18:13-04:00,guaranteed-holder,Running,106,0,0
2026-06-07T23:18:13-04:00,burstable-holder,Running,104,0,0
2026-06-07T23:18:13-04:00,besteffort-holder,Running,205,0,0
2026-06-07T23:18:13-04:00,aggressor,Running,13260,181806,0
2026-06-07T23:18:15-04:00,guaranteed-holder,Running,106,0,0
2026-06-07T23:18:15-04:00,burstable-holder,Running,104,0,0
2026-06-07T23:18:15-04:00,besteffort-holder,Running,205,0,0
2026-06-07T23:18:15-04:00,aggressor,Running,13260,183502,0
2026-06-07T23:18:17-04:00,guaranteed-holder,Running,106,0,0
2026-06-07T23:18:17-04:00,burstable-holder,Running,104,0,0
2026-06-07T23:18:17-04:00,besteffort-holder,Running,205,0,0
2026-06-07T23:18:17-04:00,aggressor,Running,13260,185194,0
2026-06-07T23:18:20-04:00,guaranteed-holder,Running,106,0,0
2026-06-07T23:18:20-04:00,burstable-holder,Running,104,0,0
2026-06-07T23:18:20-04:00,besteffort-holder,Running,205,0,0
2026-06-07T23:18:20-04:00,aggressor,Running,13260,186886,0
2026-06-07T23:18:22-04:00,guaranteed-holder,Running,106,0,0
2026-06-07T23:18:22-04:00,burstable-holder,Running,104,0,0
2026-06-07T23:18:22-04:00,besteffort-holder,Running,205,0,0
2026-06-07T23:18:22-04:00,aggressor,Running,13261,188508,0
2026-06-07T23:18:24-04:00,guaranteed-holder,Running,106,0,0
2026-06-07T23:18:24-04:00,burstable-holder,Running,104,0,0
2026-06-07T23:18:24-04:00,besteffort-holder,Running,205,0,0
2026-06-07T23:18:24-04:00,aggressor,Running,13261,189482,0
2026-06-07T23:18:27-04:00,guaranteed-holder,Running,106,0,0
2026-06-07T23:18:27-04:00,burstable-holder,Running,104,0,0
2026-06-07T23:18:27-04:00,besteffort-holder,Running,205,0,0
2026-06-07T23:18:27-04:00,aggressor,Running,13261,190452,0
2026-06-07T23:18:29-04:00,guaranteed-holder,Running,106,0,0
2026-06-07T23:18:29-04:00,burstable-holder,Running,104,0,0
2026-06-07T23:18:29-04:00,besteffort-holder,Running,205,0,0
2026-06-07T23:18:29-04:00,aggressor,Running,13265,191854,0
2026-06-07T23:18:31-04:00,guaranteed-holder,Running,106,0,0
2026-06-07T23:18:31-04:00,burstable-holder,Running,104,0,0
2026-06-07T23:18:31-04:00,besteffort-holder,Running,205,0,0
2026-06-07T23:18:31-04:00,aggressor,Running,13271,193462,0
2026-06-07T23:18:33-04:00,guaranteed-holder,Running,106,0,0
2026-06-07T23:18:33-04:00,burstable-holder,Running,104,0,0
2026-06-07T23:18:33-04:00,besteffort-holder,Running,205,0,0
2026-06-07T23:18:33-04:00,aggressor,Running,13278,194988,0
2026-06-07T23:18:36-04:00,guaranteed-holder,Running,106,0,0
2026-06-07T23:18:36-04:00,burstable-holder,Running,104,0,0
2026-06-07T23:18:36-04:00,besteffort-holder,Running,205,0,0
2026-06-07T23:18:36-04:00,aggressor,Running,13284,196480,0
2026-06-07T23:18:38-04:00,guaranteed-holder,Running,106,0,0
2026-06-07T23:18:38-04:00,burstable-holder,Running,104,0,0
2026-06-07T23:18:38-04:00,besteffort-holder,Running,205,0,0
2026-06-07T23:18:38-04:00,aggressor,Running,13290,197886,0
2026-06-07T23:18:40-04:00,guaranteed-holder,Running,106,0,0
2026-06-07T23:18:40-04:00,burstable-holder,Running,104,0,0
2026-06-07T23:18:40-04:00,besteffort-holder,Running,205,0,0
2026-06-07T23:18:40-04:00,aggressor,Running,13296,199266,0
2026-06-07T23:18:42-04:00,guaranteed-holder,Running,106,0,0
2026-06-07T23:18:42-04:00,burstable-holder,Running,104,0,0
2026-06-07T23:18:42-04:00,besteffort-holder,Running,205,0,0
2026-06-07T23:18:42-04:00,aggressor,Running,13302,200584,0
2026-06-07T23:18:45-04:00,guaranteed-holder,Running,106,0,0
2026-06-07T23:18:45-04:00,burstable-holder,Running,104,0,0
2026-06-07T23:18:45-04:00,besteffort-holder,Running,205,0,0
2026-06-07T23:18:45-04:00,aggressor,Running,13307,201878,0
2026-06-07T23:18:47-04:00,guaranteed-holder,Running,106,0,0
2026-06-07T23:18:47-04:00,burstable-holder,Running,104,0,0
2026-06-07T23:18:47-04:00,besteffort-holder,Running,205,0,0
2026-06-07T23:18:47-04:00,aggressor,Running,13311,203066,0
2026-06-07T23:18:49-04:00,guaranteed-holder,Running,106,0,0
2026-06-07T23:18:49-04:00,burstable-holder,Running,104,0,0
2026-06-07T23:18:49-04:00,besteffort-holder,Running,205,0,0
2026-06-07T23:18:49-04:00,aggressor,Running,13261,203922,0
2026-06-07T23:18:52-04:00,guaranteed-holder,Running,106,0,0
2026-06-07T23:18:52-04:00,burstable-holder,Running,104,0,0
2026-06-07T23:18:52-04:00,besteffort-holder,Running,205,0,0
2026-06-07T23:18:52-04:00,aggressor,Running,13261,204926,0
2026-06-07T23:18:54-04:00,guaranteed-holder,Running,106,0,0
2026-06-07T23:18:54-04:00,burstable-holder,Running,104,0,0
2026-06-07T23:18:54-04:00,besteffort-holder,Running,205,0,0
2026-06-07T23:18:54-04:00,aggressor,Running,13261,205910,0
2026-06-07T23:18:56-04:00,guaranteed-holder,Running,106,0,0
2026-06-07T23:18:56-04:00,burstable-holder,Running,104,0,0
2026-06-07T23:18:56-04:00,besteffort-holder,Running,205,0,0
2026-06-07T23:18:56-04:00,aggressor,Running,13261,206860,0
2026-06-07T23:18:59-04:00,guaranteed-holder,Running,106,0,0
2026-06-07T23:18:59-04:00,burstable-holder,Running,104,0,0
2026-06-07T23:18:59-04:00,besteffort-holder,Running,205,0,0
2026-06-07T23:18:59-04:00,aggressor,Running,13261,207876,0
2026-06-07T23:19:01-04:00,guaranteed-holder,Running,106,0,0
2026-06-07T23:19:01-04:00,burstable-holder,Running,104,0,0
2026-06-07T23:19:01-04:00,besteffort-holder,Running,205,0,0
2026-06-07T23:19:01-04:00,aggressor,Running,13261,208928,0
2026-06-07T23:19:03-04:00,guaranteed-holder,Running,106,0,0
2026-06-07T23:19:03-04:00,burstable-holder,Running,104,0,0
2026-06-07T23:19:03-04:00,besteffort-holder,Running,205,0,0
2026-06-07T23:19:03-04:00,aggressor,Running,13261,210082,0
2026-06-07T23:19:05-04:00,guaranteed-holder,Running,106,0,0
2026-06-07T23:19:05-04:00,burstable-holder,Running,104,0,0
2026-06-07T23:19:05-04:00,besteffort-holder,Running,205,0,0
2026-06-07T23:19:05-04:00,aggressor,Running,13261,211178,0
2026-06-07T23:19:08-04:00,guaranteed-holder,Running,106,0,0
2026-06-07T23:19:08-04:00,burstable-holder,Running,104,0,0
2026-06-07T23:19:08-04:00,besteffort-holder,Running,205,0,0
2026-06-07T23:19:08-04:00,aggressor,Running,13261,212240,0
2026-06-07T23:19:10-04:00,guaranteed-holder,Running,106,0,0
2026-06-07T23:19:10-04:00,burstable-holder,Running,104,0,0
2026-06-07T23:19:10-04:00,besteffort-holder,Running,205,0,0
2026-06-07T23:19:10-04:00,aggressor,Running,13260,213294,0
2026-06-07T23:19:12-04:00,guaranteed-holder,Running,106,0,0
2026-06-07T23:19:12-04:00,burstable-holder,Running,104,0,0
2026-06-07T23:19:12-04:00,besteffort-holder,Running,205,0,0
2026-06-07T23:19:12-04:00,aggressor,Running,13261,214368,0
2026-06-07T23:19:14-04:00,guaranteed-holder,Running,106,0,0
2026-06-07T23:19:14-04:00,burstable-holder,Running,104,0,0
2026-06-07T23:19:14-04:00,besteffort-holder,Running,205,0,0
2026-06-07T23:19:14-04:00,aggressor,Running,13261,215388,0
2026-06-07T23:19:17-04:00,guaranteed-holder,Running,106,0,0
2026-06-07T23:19:17-04:00,burstable-holder,Running,104,0,0
2026-06-07T23:19:17-04:00,besteffort-holder,Running,205,0,0
2026-06-07T23:19:17-04:00,aggressor,Running,13261,216404,0
2026-06-07T23:19:19-04:00,guaranteed-holder,Running,106,0,0
2026-06-07T23:19:19-04:00,burstable-holder,Running,104,0,0
2026-06-07T23:19:19-04:00,besteffort-holder,Running,205,0,0
2026-06-07T23:19:19-04:00,aggressor,Running,13261,217464,0
2026-06-07T23:19:21-04:00,guaranteed-holder,Running,106,0,0
2026-06-07T23:19:21-04:00,burstable-holder,Running,104,0,0
2026-06-07T23:19:21-04:00,besteffort-holder,Running,205,0,0
2026-06-07T23:19:21-04:00,aggressor,Running,13261,218550,0
2026-06-07T23:19:24-04:00,guaranteed-holder,Running,106,0,0
2026-06-07T23:19:24-04:00,burstable-holder,Running,104,0,0
2026-06-07T23:19:24-04:00,besteffort-holder,Running,205,0,0
2026-06-07T23:19:24-04:00,aggressor,Running,13261,219560,0
2026-06-07T23:19:26-04:00,guaranteed-holder,Running,106,0,0
2026-06-07T23:19:26-04:00,burstable-holder,Running,104,0,0
2026-06-07T23:19:26-04:00,besteffort-holder,Running,205,0,0
2026-06-07T23:19:26-04:00,aggressor,Running,13261,220622,0
2026-06-07T23:19:28-04:00,guaranteed-holder,Running,106,0,0
2026-06-07T23:19:28-04:00,burstable-holder,Running,104,0,0
2026-06-07T23:19:28-04:00,besteffort-holder,Running,205,0,0
2026-06-07T23:19:28-04:00,aggressor,Running,13261,221660,0
2026-06-07T23:19:31-04:00,guaranteed-holder,Running,106,0,0
2026-06-07T23:19:31-04:00,burstable-holder,Running,104,0,0
2026-06-07T23:19:31-04:00,besteffort-holder,Running,205,0,0
2026-06-07T23:19:31-04:00,aggressor,Running,13261,222650,0
2026-06-07T23:19:33-04:00,guaranteed-holder,Running,106,0,0
2026-06-07T23:19:33-04:00,burstable-holder,Running,104,0,0
2026-06-07T23:19:33-04:00,besteffort-holder,Running,205,0,0
2026-06-07T23:19:33-04:00,aggressor,Running,13261,223734,0
2026-06-07T23:19:35-04:00,guaranteed-holder,Running,106,0,0
2026-06-07T23:19:35-04:00,burstable-holder,Running,104,0,0
2026-06-07T23:19:35-04:00,besteffort-holder,Running,205,0,0
2026-06-07T23:19:35-04:00,aggressor,Running,13261,224486,0
2026-06-07T23:19:37-04:00,guaranteed-holder,Running,106,0,0
2026-06-07T23:19:37-04:00,burstable-holder,Running,104,0,0
2026-06-07T23:19:37-04:00,besteffort-holder,Running,205,0,0
2026-06-07T23:19:37-04:00,aggressor,Running,13261,225678,0
2026-06-07T23:19:40-04:00,guaranteed-holder,Running,106,0,0
2026-06-07T23:19:40-04:00,burstable-holder,Running,104,0,0
2026-06-07T23:19:40-04:00,besteffort-holder,Running,205,0,0
2026-06-07T23:19:40-04:00,aggressor,Running,13261,226708,0
2026-06-07T23:19:42-04:00,guaranteed-holder,Running,106,0,0
2026-06-07T23:19:42-04:00,burstable-holder,Running,104,0,0
2026-06-07T23:19:42-04:00,besteffort-holder,Running,205,0,0
2026-06-07T23:19:42-04:00,aggressor,Running,13261,227654,0
2026-06-07T23:19:44-04:00,guaranteed-holder,Running,106,0,0
2026-06-07T23:19:44-04:00,burstable-holder,Running,104,0,0
2026-06-07T23:19:44-04:00,besteffort-holder,Running,205,0,0
2026-06-07T23:19:44-04:00,aggressor,Running,13261,228640,0
2026-06-07T23:19:47-04:00,guaranteed-holder,Running,106,0,0
2026-06-07T23:19:47-04:00,burstable-holder,Running,104,0,0
2026-06-07T23:19:47-04:00,besteffort-holder,Running,205,0,0
2026-06-07T23:19:47-04:00,aggressor,Running,13262,229580,0
2026-06-07T23:19:49-04:00,guaranteed-holder,Running,106,0,0
2026-06-07T23:19:49-04:00,burstable-holder,Running,104,0,0
2026-06-07T23:19:49-04:00,besteffort-holder,Running,205,0,0
2026-06-07T23:19:49-04:00,aggressor,Running,13261,230884,0
2026-06-07T23:19:51-04:00,guaranteed-holder,Running,106,0,0
2026-06-07T23:19:51-04:00,burstable-holder,Running,104,0,0
2026-06-07T23:19:51-04:00,besteffort-holder,Running,205,0,0
2026-06-07T23:19:51-04:00,aggressor,Running,13266,232242,0
2026-06-07T23:19:53-04:00,guaranteed-holder,Running,106,0,0
2026-06-07T23:19:53-04:00,burstable-holder,Running,104,0,0
2026-06-07T23:19:53-04:00,besteffort-holder,Running,205,0,0
2026-06-07T23:19:53-04:00,aggressor,Running,13266,233324,0
2026-06-07T23:19:56-04:00,guaranteed-holder,Running,106,0,0
2026-06-07T23:19:56-04:00,burstable-holder,Running,104,0,0
2026-06-07T23:19:56-04:00,besteffort-holder,Running,205,0,0
2026-06-07T23:19:56-04:00,aggressor,Running,13267,234454,0
2026-06-07T23:19:58-04:00,guaranteed-holder,Running,106,0,0
2026-06-07T23:19:58-04:00,burstable-holder,Running,104,0,0
2026-06-07T23:19:58-04:00,besteffort-holder,Running,205,0,0
2026-06-07T23:19:58-04:00,aggressor,Running,13269,235518,0
2026-06-07T23:20:00-04:00,guaranteed-holder,Running,106,0,0
2026-06-07T23:20:00-04:00,burstable-holder,Running,104,0,0
2026-06-07T23:20:00-04:00,besteffort-holder,Running,205,0,0
2026-06-07T23:20:00-04:00,aggressor,Running,13271,236808,0
2026-06-07T23:20:03-04:00,guaranteed-holder,Running,106,0,0
2026-06-07T23:20:03-04:00,burstable-holder,Running,104,0,0
2026-06-07T23:20:03-04:00,besteffort-holder,Running,205,0,0
2026-06-07T23:20:03-04:00,aggressor,Running,13273,237934,0
2026-06-07T23:20:05-04:00,guaranteed-holder,Running,106,0,0
2026-06-07T23:20:05-04:00,burstable-holder,Running,104,0,0
2026-06-07T23:20:05-04:00,besteffort-holder,Running,205,0,0
2026-06-07T23:20:05-04:00,aggressor,Running,13276,239160,0
2026-06-07T23:20:07-04:00,guaranteed-holder,Running,106,0,0
2026-06-07T23:20:07-04:00,burstable-holder,Running,104,0,0
2026-06-07T23:20:07-04:00,besteffort-holder,Running,205,0,0
2026-06-07T23:20:07-04:00,aggressor,Running,13277,240186,0
2026-06-07T23:20:09-04:00,guaranteed-holder,Running,106,0,0
2026-06-07T23:20:09-04:00,burstable-holder,Running,104,0,0
2026-06-07T23:20:09-04:00,besteffort-holder,Running,205,0,0
2026-06-07T23:20:09-04:00,aggressor,Running,13280,241410,0
2026-06-07T23:20:12-04:00,guaranteed-holder,Running,106,0,0
2026-06-07T23:20:12-04:00,burstable-holder,Running,104,0,0
2026-06-07T23:20:12-04:00,besteffort-holder,Running,205,0,0
2026-06-07T23:20:12-04:00,aggressor,Running,13280,242422,0
2026-06-07T23:20:14-04:00,guaranteed-holder,Running,106,0,0
2026-06-07T23:20:14-04:00,burstable-holder,Running,104,0,0
2026-06-07T23:20:14-04:00,besteffort-holder,Running,205,0,0
2026-06-07T23:20:14-04:00,aggressor,Running,13283,243612,0
2026-06-07T23:20:16-04:00,guaranteed-holder,Running,106,0,0
2026-06-07T23:20:16-04:00,burstable-holder,Running,104,0,0
2026-06-07T23:20:16-04:00,besteffort-holder,Running,205,0,0
2026-06-07T23:20:16-04:00,aggressor,Running,13284,244676,0
2026-06-07T23:20:19-04:00,guaranteed-holder,Running,106,0,0
2026-06-07T23:20:19-04:00,burstable-holder,Running,104,0,0
2026-06-07T23:20:19-04:00,besteffort-holder,Running,205,0,0
2026-06-07T23:20:19-04:00,aggressor,Running,13284,245646,0
2026-06-07T23:20:21-04:00,guaranteed-holder,Running,106,0,0
2026-06-07T23:20:21-04:00,burstable-holder,Running,104,0,0
2026-06-07T23:20:21-04:00,besteffort-holder,Running,205,0,0
2026-06-07T23:20:21-04:00,aggressor,Running,13286,246802,0
2026-06-07T23:20:23-04:00,guaranteed-holder,Running,106,0,0
2026-06-07T23:20:23-04:00,burstable-holder,Running,104,0,0
2026-06-07T23:20:23-04:00,besteffort-holder,Running,205,0,0
2026-06-07T23:20:23-04:00,aggressor,Running,13286,247814,0
2026-06-07T23:20:25-04:00,guaranteed-holder,Running,106,0,0
2026-06-07T23:20:25-04:00,burstable-holder,Running,104,0,0
2026-06-07T23:20:25-04:00,besteffort-holder,Running,205,0,0
2026-06-07T23:20:25-04:00,aggressor,Running,13288,248892,0
2026-06-07T23:20:28-04:00,guaranteed-holder,Running,106,0,0
2026-06-07T23:20:28-04:00,burstable-holder,Running,104,0,0
2026-06-07T23:20:28-04:00,besteffort-holder,Running,204,0,0
2026-06-07T23:20:28-04:00,aggressor,Running,13289,249866,0
2026-06-07T23:20:30-04:00,guaranteed-holder,Running,106,0,0
2026-06-07T23:20:30-04:00,burstable-holder,Running,104,0,0
2026-06-07T23:20:30-04:00,besteffort-holder,Running,204,0,0
2026-06-07T23:20:30-04:00,aggressor,Running,13289,250804,0
2026-06-07T23:20:32-04:00,guaranteed-holder,Running,106,0,0
2026-06-07T23:20:32-04:00,burstable-holder,Running,104,0,0
2026-06-07T23:20:32-04:00,besteffort-holder,Running,204,0,0
2026-06-07T23:20:32-04:00,aggressor,Running,13291,251856,0
2026-06-07T23:20:35-04:00,guaranteed-holder,Running,106,0,0
2026-06-07T23:20:35-04:00,burstable-holder,Running,104,0,0
2026-06-07T23:20:35-04:00,besteffort-holder,Running,204,0,0
2026-06-07T23:20:35-04:00,aggressor,Running,13292,252806,0
2026-06-07T23:20:37-04:00,guaranteed-holder,Running,106,0,0
2026-06-07T23:20:37-04:00,burstable-holder,Running,104,0,0
2026-06-07T23:20:37-04:00,besteffort-holder,Running,204,0,0
2026-06-07T23:20:37-04:00,aggressor,Running,13292,253707,0
2026-06-07T23:20:39-04:00,guaranteed-holder,Running,106,0,0
2026-06-07T23:20:39-04:00,burstable-holder,Running,104,0,0
2026-06-07T23:20:39-04:00,besteffort-holder,Running,204,0,0
2026-06-07T23:20:39-04:00,aggressor,Running,13292,254710,0
2026-06-07T23:20:41-04:00,guaranteed-holder,Running,106,0,0
2026-06-07T23:20:41-04:00,burstable-holder,Running,104,0,0
2026-06-07T23:20:41-04:00,besteffort-holder,Running,204,0,0
2026-06-07T23:20:41-04:00,aggressor,Running,13293,255604,0
2026-06-07T23:20:44-04:00,guaranteed-holder,Running,106,0,0
2026-06-07T23:20:44-04:00,burstable-holder,Running,104,0,0
2026-06-07T23:20:44-04:00,besteffort-holder,Running,204,0,0
2026-06-07T23:20:44-04:00,aggressor,Running,13294,256582,0
2026-06-07T23:20:46-04:00,guaranteed-holder,Running,106,0,0
2026-06-07T23:20:46-04:00,burstable-holder,Running,104,0,0
2026-06-07T23:20:46-04:00,besteffort-holder,Running,204,0,0
2026-06-07T23:20:46-04:00,aggressor,Running,13295,257568,0
2026-06-07T23:20:48-04:00,guaranteed-holder,Running,106,0,0
2026-06-07T23:20:48-04:00,burstable-holder,Running,104,0,0
2026-06-07T23:20:48-04:00,besteffort-holder,Running,204,0,0
2026-06-07T23:20:48-04:00,aggressor,Running,13296,258488,0
2026-06-07T23:20:51-04:00,guaranteed-holder,Running,106,0,0
2026-06-07T23:20:51-04:00,burstable-holder,Running,104,0,0
2026-06-07T23:20:51-04:00,besteffort-holder,Running,204,0,0
2026-06-07T23:20:51-04:00,aggressor,Running,13297,259520,0
2026-06-07T23:20:53-04:00,guaranteed-holder,Running,106,0,0
2026-06-07T23:20:53-04:00,burstable-holder,Running,104,0,0
2026-06-07T23:20:53-04:00,besteffort-holder,Running,204,0,0
2026-06-07T23:20:53-04:00,aggressor,Running,13298,260544,0
2026-06-07T23:20:55-04:00,guaranteed-holder,Running,106,0,0
2026-06-07T23:20:55-04:00,burstable-holder,Running,104,0,0
2026-06-07T23:20:55-04:00,besteffort-holder,Running,204,0,0
2026-06-07T23:20:55-04:00,aggressor,Running,13299,261532,0
2026-06-07T23:20:57-04:00,guaranteed-holder,Running,106,0,0
2026-06-07T23:20:57-04:00,burstable-holder,Running,104,0,0
2026-06-07T23:20:57-04:00,besteffort-holder,Running,204,0,0
2026-06-07T23:20:57-04:00,aggressor,Running,13300,262450,0
2026-06-07T23:21:00-04:00,guaranteed-holder,Running,106,0,0
2026-06-07T23:21:00-04:00,burstable-holder,Running,104,0,0
2026-06-07T23:21:00-04:00,besteffort-holder,Running,204,0,0
2026-06-07T23:21:00-04:00,aggressor,Running,13301,263390,0
2026-06-07T23:21:02-04:00,guaranteed-holder,Running,106,0,0
2026-06-07T23:21:02-04:00,burstable-holder,Running,104,0,0
2026-06-07T23:21:02-04:00,besteffort-holder,Running,204,0,0
2026-06-07T23:21:02-04:00,aggressor,Running,13301,264296,0
2026-06-07T23:21:04-04:00,guaranteed-holder,Running,106,0,0
2026-06-07T23:21:04-04:00,burstable-holder,Running,104,0,0
2026-06-07T23:21:04-04:00,besteffort-holder,Running,204,0,0
2026-06-07T23:21:04-04:00,aggressor,Running,13302,265182,0
2026-06-07T23:21:07-04:00,guaranteed-holder,Running,106,0,0
2026-06-07T23:21:07-04:00,burstable-holder,Running,104,0,0
2026-06-07T23:21:07-04:00,besteffort-holder,Running,204,0,0
2026-06-07T23:21:07-04:00,aggressor,Running,13301,266104,0
2026-06-07T23:21:09-04:00,guaranteed-holder,Running,106,0,0
2026-06-07T23:21:09-04:00,burstable-holder,Running,104,0,0
2026-06-07T23:21:09-04:00,besteffort-holder,Running,204,0,0
2026-06-07T23:21:09-04:00,aggressor,Running,13303,267016,0
2026-06-07T23:21:11-04:00,guaranteed-holder,Running,106,0,0
2026-06-07T23:21:11-04:00,burstable-holder,Running,104,0,0
2026-06-07T23:21:11-04:00,besteffort-holder,Running,204,0,0
2026-06-07T23:21:11-04:00,aggressor,Running,13304,267964,0
2026-06-07T23:21:13-04:00,guaranteed-holder,Running,106,0,0
2026-06-07T23:21:13-04:00,burstable-holder,Running,104,0,0
2026-06-07T23:21:13-04:00,besteffort-holder,Running,204,0,0
2026-06-07T23:21:13-04:00,aggressor,Running,13305,268808,0
2026-06-07T23:21:16-04:00,guaranteed-holder,Running,106,0,0
2026-06-07T23:21:16-04:00,burstable-holder,Running,104,0,0
2026-06-07T23:21:16-04:00,besteffort-holder,Running,204,0,0
2026-06-07T23:21:16-04:00,aggressor,Running,13305,269738,0
2026-06-07T23:21:18-04:00,guaranteed-holder,Running,106,0,0
2026-06-07T23:21:18-04:00,burstable-holder,Running,104,0,0
2026-06-07T23:21:18-04:00,besteffort-holder,Running,204,0,0
2026-06-07T23:21:18-04:00,aggressor,Running,13308,270754,0
2026-06-07T23:21:20-04:00,guaranteed-holder,Running,106,0,0
2026-06-07T23:21:20-04:00,burstable-holder,Running,104,0,0
2026-06-07T23:21:20-04:00,besteffort-holder,Running,204,0,0
2026-06-07T23:21:20-04:00,aggressor,Running,13309,271694,0
2026-06-07T23:21:23-04:00,guaranteed-holder,Running,106,0,0
2026-06-07T23:21:23-04:00,burstable-holder,Running,104,0,0
2026-06-07T23:21:23-04:00,besteffort-holder,Running,204,0,0
2026-06-07T23:21:23-04:00,aggressor,Running,13311,272610,0
2026-06-07T23:21:25-04:00,guaranteed-holder,Running,106,0,0
2026-06-07T23:21:25-04:00,burstable-holder,Running,104,0,0
2026-06-07T23:21:25-04:00,besteffort-holder,Running,204,0,0
2026-06-07T23:21:25-04:00,aggressor,Running,13311,273354,0
2026-06-07T23:21:27-04:00,guaranteed-holder,Running,106,0,0
2026-06-07T23:21:27-04:00,burstable-holder,Running,104,0,0
2026-06-07T23:21:27-04:00,besteffort-holder,Running,204,0,0
2026-06-07T23:21:27-04:00,aggressor,Running,13311,274054,0
2026-06-07T23:21:29-04:00,guaranteed-holder,Running,106,0,0
2026-06-07T23:21:29-04:00,burstable-holder,Running,104,0,0
2026-06-07T23:21:29-04:00,besteffort-holder,Running,204,0,0
2026-06-07T23:21:29-04:00,aggressor,Running,13312,274958,0
2026-06-07T23:21:32-04:00,guaranteed-holder,Running,106,0,0
2026-06-07T23:21:32-04:00,burstable-holder,Running,104,0,0
2026-06-07T23:21:32-04:00,besteffort-holder,Running,204,0,0
2026-06-07T23:21:32-04:00,aggressor,Running,13317,276200,0
2026-06-07T23:21:34-04:00,guaranteed-holder,Running,106,0,0
2026-06-07T23:21:34-04:00,burstable-holder,Running,104,0,0
2026-06-07T23:21:34-04:00,besteffort-holder,Running,204,0,0
2026-06-07T23:21:34-04:00,aggressor,Running,13321,277414,0
2026-06-07T23:21:36-04:00,guaranteed-holder,Running,106,0,0
2026-06-07T23:21:36-04:00,burstable-holder,Running,104,0,0
2026-06-07T23:21:36-04:00,besteffort-holder,Running,204,0,0
2026-06-07T23:21:36-04:00,aggressor,Running,13325,278470,0
2026-06-07T23:21:39-04:00,guaranteed-holder,Running,106,0,0
2026-06-07T23:21:39-04:00,burstable-holder,Running,104,0,0
2026-06-07T23:21:39-04:00,besteffort-holder,Running,204,0,0
2026-06-07T23:21:39-04:00,aggressor,Running,13330,279574,0
2026-06-07T23:21:41-04:00,guaranteed-holder,Running,106,0,0
2026-06-07T23:21:41-04:00,burstable-holder,Running,104,0,0
2026-06-07T23:21:41-04:00,besteffort-holder,Running,204,0,0
2026-06-07T23:21:41-04:00,aggressor,Running,13335,280664,0
2026-06-07T23:21:43-04:00,guaranteed-holder,Running,106,0,0
2026-06-07T23:21:43-04:00,burstable-holder,Running,104,0,0
2026-06-07T23:21:43-04:00,besteffort-holder,Running,204,0,0
2026-06-07T23:21:43-04:00,aggressor,Running,13340,281762,0
2026-06-07T23:21:45-04:00,guaranteed-holder,Running,106,0,0
2026-06-07T23:21:45-04:00,burstable-holder,Running,104,0,0
2026-06-07T23:21:45-04:00,besteffort-holder,Running,204,0,0
2026-06-07T23:21:45-04:00,aggressor,Running,13345,282838,0
2026-06-07T23:21:48-04:00,guaranteed-holder,Running,106,0,0
2026-06-07T23:21:48-04:00,burstable-holder,Running,104,0,0
2026-06-07T23:21:48-04:00,besteffort-holder,Running,204,0,0
2026-06-07T23:21:48-04:00,aggressor,Running,13347,283828,0
2026-06-07T23:21:50-04:00,guaranteed-holder,Running,106,0,0
2026-06-07T23:21:50-04:00,burstable-holder,Running,104,0,0
2026-06-07T23:21:50-04:00,besteffort-holder,Running,204,0,0
2026-06-07T23:21:50-04:00,aggressor,Running,13351,284864,0
2026-06-07T23:21:52-04:00,guaranteed-holder,Running,106,0,0
2026-06-07T23:21:52-04:00,burstable-holder,Running,104,0,0
2026-06-07T23:21:52-04:00,besteffort-holder,Running,204,0,0
2026-06-07T23:21:52-04:00,aggressor,Running,13355,285860,0
2026-06-07T23:21:55-04:00,guaranteed-holder,Running,106,0,0
2026-06-07T23:21:55-04:00,burstable-holder,Running,104,0,0
2026-06-07T23:21:55-04:00,besteffort-holder,Running,204,0,0
2026-06-07T23:21:55-04:00,aggressor,Running,13358,286876,0
2026-06-07T23:21:57-04:00,guaranteed-holder,Running,106,0,0
2026-06-07T23:21:57-04:00,burstable-holder,Running,104,0,0
2026-06-07T23:21:57-04:00,besteffort-holder,Running,204,0,0
2026-06-07T23:21:57-04:00,aggressor,Running,13360,287880,0
2026-06-07T23:21:59-04:00,guaranteed-holder,Running,106,0,0
2026-06-07T23:21:59-04:00,burstable-holder,Running,104,0,0
2026-06-07T23:21:59-04:00,besteffort-holder,Running,204,0,0
2026-06-07T23:21:59-04:00,aggressor,Running,13362,288530,0
2026-06-07T23:22:02-04:00,guaranteed-holder,Running,106,0,0
2026-06-07T23:22:02-04:00,burstable-holder,Running,104,0,0
2026-06-07T23:22:02-04:00,besteffort-holder,Running,204,0,0
2026-06-07T23:22:02-04:00,aggressor,Running,13311,289130,0
2026-06-07T23:22:04-04:00,guaranteed-holder,Running,106,0,0
2026-06-07T23:22:04-04:00,burstable-holder,Running,104,0,0
2026-06-07T23:22:04-04:00,besteffort-holder,Running,204,0,0
2026-06-07T23:22:04-04:00,aggressor,Running,13312,289900,0
2026-06-07T23:22:06-04:00,guaranteed-holder,Running,106,0,0
2026-06-07T23:22:06-04:00,burstable-holder,Running,104,0,0
2026-06-07T23:22:06-04:00,besteffort-holder,Running,204,0,0
2026-06-07T23:22:06-04:00,aggressor,Running,13311,290648,0
2026-06-07T23:22:08-04:00,guaranteed-holder,Running,106,0,0
2026-06-07T23:22:08-04:00,burstable-holder,Running,104,0,0
2026-06-07T23:22:08-04:00,besteffort-holder,Running,204,0,0
2026-06-07T23:22:08-04:00,aggressor,Running,13311,291391,0
2026-06-07T23:22:11-04:00,guaranteed-holder,Running,106,0,0
2026-06-07T23:22:11-04:00,burstable-holder,Running,104,0,0
2026-06-07T23:22:11-04:00,besteffort-holder,Running,204,0,0
2026-06-07T23:22:11-04:00,aggressor,Running,13311,292160,0
2026-06-07T23:22:13-04:00,guaranteed-holder,Running,106,0,0
2026-06-07T23:22:13-04:00,burstable-holder,Running,104,0,0
2026-06-07T23:22:13-04:00,besteffort-holder,Running,204,0,0
2026-06-07T23:22:13-04:00,aggressor,Running,13311,292940,0
2026-06-07T23:22:15-04:00,guaranteed-holder,Running,106,0,0
2026-06-07T23:22:15-04:00,burstable-holder,Running,104,0,0
2026-06-07T23:22:15-04:00,besteffort-holder,Running,204,0,0
2026-06-07T23:22:15-04:00,aggressor,Running,13311,293678,0
